id,domain,status,purchase_price,renewal_price,attractiveness,demand,length,registrar,created_at,expires_at,status_verified_at
0c34b1cd-1c58-45c6-87d0-424476f8f3a3,meanly.yachts,available,1.8,21.98,medium,low,6,namecheap,,,13/09/2026 23:32
056e26bb-befb-4573-b284-9993c7024276,dyslexic.yachts,available,1.8,19.98,medium,low,8,namecheap,,,14/08/2026 22:03
b8e43438-4828-4dfd-bd06-dff52a329187,canty.yachts,available,1.8,19.98,medium,low,5,namecheap,,,11/08/2026 17:46
46441e4a-31a6-4d3b-be82-1e0474cf7701,biography.yachts,available,1.8,21.98,high,low,9,namecheap,,,23/09/2026 18:09
8b17b3b7-2c19-4d8a-a4d9-99322cff9604,dad.yachts,available,1.99,17.29,high,low,3,namesilo,,,27/09/2026 05:02
a73e6143-46a9-4e4a-b28a-5a24ae8ce717,forces.yachts,available,1.99,17.29,high,low,6,namesilo,,,16/09/2026 15:45
0bbc3b10-b6cf-410a-b275-eaad834d919f,floods.yachts,available,1.99,20.99,low,low,6,name.com,,,18/09/2026 19:03
be9dec66-e264-4986-b1d6-17b004cba39c,deviant.yachts,available,1.8,19.98,high,low,7,namecheap,,,
02b29028-5c96-4c38-8849-5826f043e159,gentile.yachts,available,1.8,19.98,high,low,7,namecheap,,,18/08/2026 21:53
920e4d36-0cf8-4ccb-9201-7564d3398d4f,candles.yachts,available,1.99,17.29,high,low,7,namesilo,,,18/09/2026 07:24
772777d7-6f77-4982-8ede-4abbd17e3a9f,switching.yachts,available,1.24,13.97,high,low,9,spaceship,,,28/09/2026 06:49
e8b5c737-2e93-476a-92ca-f29325724966,appeared.yachts,available,1.99,17.29,medium,low,8,namesilo,,,27/09/2026 10:53
b5615d6a-8a91-4686-a65d-98d97651dc8f,compliment.yachts,available,1.99,17.29,high,low,10,namesilo,,,24/09/2026 16:50
94600f6e-2816-452f-b2cd-69ca377e16b7,astragalus.yachts,available,1.8,21.98,medium,low,10,namecheap,,,19/09/2026 09:45
9487a8b5-67a8-4f6d-9e3c-6819c64a3d11,caesarean.yachts,available,1.8,19.98,medium,low,9,namecheap,,,11/08/2026 13:05
cbca5bc5-8eee-4a0d-a106-7f593beb2675,appraiser.yachts,available,1.99,17.29,high,low,9,namesilo,,,19/09/2026 22:12
1e1bd621-d6fb-441c-ad61-6dca548691d9,truth.yachts,available,1.99,,high,medium,5,name.com,,,
8b9a3871-a714-41bc-be42-1433db2e31b5,affirmable.yachts,available,1.8,19.98,medium,low,10,namecheap,,,
408b1e1b-59ea-4ce4-be6a-602614f7371c,believer.yachts,available,1.99,17.29,high,low,8,namesilo,,,23/09/2026 05:13
03c3f0ff-908e-432d-b6b4-fb204170e086,nescient.yachts,available,1.8,19.98,medium,low,8,namecheap,,,21/08/2026 18:29
effd408c-b032-4e16-8427-57d4cb75d6a7,omdurman.yachts,available,1.99,17.29,medium,low,8,namesilo,,,22/09/2026 15:32
6510a79c-21e9-4386-8b8d-8fbf07b31c5a,lovers.yachts,available,1.99,17.29,high,low,6,namesilo,,,27/09/2026 02:55
60772473-be68-4575-a71a-f33ebe56f750,quid.yachts,available,1.99,17.29,high,low,4,namesilo,,,24/09/2026 10:37
da851733-b88c-46a2-8bfa-20dc6ef85ff2,coleridge.yachts,available,1.24,13.97,medium,low,9,spaceship,,,28/09/2026 09:24
b430c819-bb92-4204-9fe2-dd5168842baf,krypton.yachts,available,1.99,17.29,medium,low,7,namesilo,,,20/09/2026 22:56
89d8baaa-db8b-42ed-9691-4809d2614e4e,requested.yachts,available,1.99,17.29,high,low,9,namesilo,,,27/09/2026 12:02
e05b9624-bfca-4936-9c8d-89c310c2da3e,desirable.yachts,available,1.8,19.98,high,low,9,namecheap,,,14/08/2026 03:47
ec6109ff-1780-4ca3-af7e-6db0f926cc10,xiv.yachts,available,1.99,17.29,high,low,3,namesilo,,,21/09/2026 11:42
be038a48-b1c4-454b-8cdd-59dc051e28cf,target.yachts,premium,2600,2600,high,high,6,namecheap,,,03/09/2026 23:33
a753a735-e8f7-4ab6-a850-69a7148d0cad,vulturine.yachts,available,1.8,21.98,high,medium,9,namecheap,,,09/09/2026 10:24
9b154492-83c9-43bf-8d91-5e82183a9d67,favored.yachts,available,1.8,21.98,high,low,7,namecheap,,,22/09/2026 20:01
2d4402ce-87b1-400a-837a-8217c55c7086,amaranthus.yachts,available,1.99,17.29,medium,low,10,namesilo,,,18/09/2026 15:51
ea27b24a-c2e8-4898-886d-33f440e4af90,biotech.yachts,available,1.99,20.99,high,low,7,name.com,,,23/09/2026 19:06
f9b5c48d-4cea-4dd6-bd24-2f15483e5dd8,vladimir.yachts,available,1.99,17.29,high,low,8,namesilo,,,25/09/2026 14:40
43f98cff-7f42-4894-90e5-e4a59a806d74,biracial.yachts,available,1.8,19.98,high,low,8,namecheap,,,10/08/2026 05:42
0941eb08-efc4-4de2-b3d0-0b77ce2758fe,overactive.yachts,available,1.8,19.98,medium,low,10,namecheap,,,21/08/2026 16:42
4f8aa6e5-0454-4b7f-b670-d3f2f257bb7e,akkadian.yachts,available,1.99,17.29,medium,low,8,namesilo,,,18/09/2026 00:10
9e1b6402-ca86-477e-84a7-8c52ddae1e12,jovian.yachts,available,1.8,19.98,medium,low,6,namecheap,,,22/08/2026 14:02
45629a89-b047-40e7-a026-5a9e3bd7c5bf,diffusely.yachts,available,1.8,21.98,medium,low,9,namecheap,,,14/09/2026 12:36
5304719d-5ad4-4ee8-95ba-d08f3ac1271c,tommy.yachts,premium,2660,2660,high,medium,5,namesilo,,,25/09/2026 11:48
054cd4a1-2415-4d09-9ebf-7cacabf57048,cameroon.yachts,available,,,high,high,8,,,,
de9dbbe9-94e6-4e62-9e61-4c3f8a2c3089,jockey.yachts,premium,2600,2600,high,low,6,namecheap,,,24/09/2026 14:26
2c33099b-4d65-4fa4-8cc9-1190ffc24553,hausen.yachts,available,1.8,21.98,medium,low,6,namecheap,,,17/09/2026 01:50
cfb0fc9c-6cba-4b28-971f-55d0fbca4352,tatty.yachts,available,1.8,19.98,medium,low,5,namecheap,,,18/08/2026 06:42
d1e76846-6f68-43d0-bc49-98f90e907c88,involve.yachts,available,1.99,,high,low,7,name.com,,,
f043eecf-2dd7-4c03-bba9-ca23125cb149,allotment.yachts,available,1.8,21.98,high,low,9,namecheap,,,18/09/2026 11:46
b317a3e8-f7a8-4b8d-96dc-2b42f605feed,sternal.yachts,available,1.8,21.98,medium,low,7,namecheap,,,10/09/2026 20:18
621b157c-b83d-4f0f-ad6f-b4f38544a291,saprobic.yachts,available,1.8,21.98,high,medium,8,namecheap,,,09/09/2026 21:24
b5e31184-e689-40a6-ba37-fb2270a68bec,stairs.yachts,available,1.99,,high,low,6,name.com,,,
0fa329d5-df21-4cba-b5e6-37b3d5db99f5,saucy.yachts,available,1.8,19.98,high,low,5,namecheap,,,21/08/2026 22:17
c90e54be-1f75-478b-b3d4-bea471b18f0a,personally.yachts,available,1.99,,high,low,10,name.com,,,
235b83e0-240f-4fe7-827d-3579e86d642b,pastel.yachts,available,1.8,21.98,high,low,6,namecheap,,,08/09/2026 10:04
06d8785c-b15d-4193-afa4-a0db11edbc16,slope.yachts,available,1.99,,high,low,5,name.com,,,
7062730d-2241-455f-937f-2b544745ca87,charlton.yachts,available,1.99,14.45,medium,low,8,dynadot,,,27/09/2026 19:17
62e819d2-6b49-4fc2-99bb-eee268f35c93,riyadh.yachts,premium,812.5,,high,low,6,name.com,,,
375f4e78-5cbc-411b-b9b5-0a87cac6bee2,despicable.yachts,available,1.8,19.98,medium,low,10,namecheap,,,14/08/2026 04:00
74563cf7-85a1-465d-b76c-06c505677109,unaged.yachts,available,1.8,21.98,medium,low,6,namecheap,,,12/09/2026 00:11
872da72c-c4a2-4d80-af31-636257ce5670,unpaved.yachts,available,1.8,21.98,medium,low,7,namecheap,,,12/09/2026 16:34
096c3324-55f7-491a-9a1d-31c16ac130c5,damask.yachts,available,1.99,20.99,medium,low,6,name.com,,,13/08/2026 16:09
572eb2d4-a789-4988-a130-6c305a119ee1,swollen.yachts,available,1.99,17.29,high,low,7,namesilo,,,23/09/2026 18:42
4eb73f03-5586-4d64-9a05-d591d856618a,agreed.yachts,available,1.99,17.29,high,low,6,namesilo,,,21/09/2026 23:21
a07ae829-78c7-42a5-936d-0ec68396f124,maturate.yachts,available,1.8,19.98,medium,low,8,namecheap,,,24/08/2026 17:31
823432db-dbb7-498a-a03a-01c41f0af27d,syrian.yachts,available,1.8,21.98,high,low,6,namecheap,,,11/09/2026 06:43
ebac3fe8-987d-4252-ab23-1dea67bfa7f0,primate.yachts,available,1.8,21.98,high,low,7,namecheap,,,20/09/2026 02:39
49837b79-f249-4516-b352-664eb0e9afbe,overgreedy.yachts,available,1.8,21.98,medium,low,10,namecheap,,,04/09/2026 20:38
ad2f1dab-85aa-409a-b4a6-98c22491efca,bewitching.yachts,available,1.8,19.98,medium,low,10,namecheap,,,09/08/2026 18:19
3e3e8464-c1a5-4782-821e-ef3f221cd1c9,adorned.yachts,available,1.8,19.98,high,low,7,namecheap,,,
8c47a014-2770-47c1-88c6-39fcf8a28f69,aglet.yachts,available,1.8,21.98,medium,low,5,namecheap,,,17/09/2026 18:21
856d422b-2f31-405f-8b33-966597fcc620,berkshires.yachts,available,1.99,17.29,medium,low,10,namesilo,,,23/09/2026 09:35
95f1a7b0-395a-4e7c-addf-d641e15c9533,sheeny.yachts,available,1.8,19.98,high,low,6,namecheap,,,20/08/2026 14:32
b9ca0fbe-ee38-4b97-9212-689f6f3cd815,swishy.yachts,available,1.8,21.98,high,low,6,namecheap,,,11/09/2026 05:54
0402db7c-b18c-400a-af24-4dae45f0a24b,chlorine.yachts,available,1.8,19.98,high,low,8,namecheap,,,12/08/2026 09:10
e4db592c-00cc-41f5-bb44-fcaaf30c8a78,exogenic.yachts,available,1.8,19.98,medium,low,8,namecheap,,,17/08/2026 17:34
052d92f7-6737-4f67-ab22-578b6f84ef70,ablative.yachts,available,1.8,19.98,medium,low,8,namecheap,,,
7e009877-2cf5-460f-b2a0-185013910554,influent.yachts,available,1.8,19.98,high,low,8,namecheap,,,22/08/2026 04:36
31b82bca-b7ef-43a9-b063-ad2ade0febdf,sexist.yachts,available,1.8,21.98,medium,low,6,namecheap,,,10/09/2026 05:14
2143e908-fcc2-4ff8-a368-c3a1e9ed359f,forested.yachts,available,1.8,19.98,high,low,8,namecheap,,,18/08/2026 11:43
6adcaf8e-2102-445d-a6df-21e56e54f06c,brick.yachts,available,1.99,17.29,high,low,5,namesilo,,,27/09/2026 11:59
9d99b94b-e2aa-4bdf-8eaa-ab9f98e4795e,anode.yachts,available,1.99,17.29,high,low,5,namesilo,,,19/09/2026 11:14
2f66c6b0-6f76-49b7-b796-168bcb379e3e,dji.yachts,available,1.99,15.75,high,low,3,namesilo,,,
25d9f9e0-0e2b-415c-95d5-24e9932ba1be,cimmerian.yachts,available,1.8,19.98,medium,low,9,namecheap,,,12/08/2026 08:11
1fac0676-4e79-4656-a10e-804d5d9916c7,tongue.yachts,available,1.99,,high,low,6,name.com,,,
156ef8d5-d51f-4959-bcb5-71064597987a,bringing.yachts,available,1.99,,high,low,8,name.com,,,
6491a589-7b19-44ea-868b-368120e09ef8,overflow.yachts,available,1.99,,high,low,8,name.com,,,
2d752802-162d-4cc6-b413-9456f66e2a38,invasion.yachts,available,1.24,13.97,high,low,8,spaceship,,,27/09/2026 13:26
685060c6-e9f3-4e95-b0b4-bbe340c61110,limber.yachts,available,1.8,19.98,high,low,6,namecheap,,,23/08/2026 11:08
6ba9ec4b-01bf-4e95-9062-167e4cb6b602,stir.yachts,available,1.99,17.29,high,low,4,namesilo,,,17/09/2026 09:23
16fa6612-9df1-4c1c-8cf1-c862543e48d5,azotic.yachts,available,1.8,19.98,medium,low,6,namecheap,,,08/08/2026 02:53
7dc24ebf-ea89-4105-8465-7fb22d4ff2f1,canvas.yachts,available,1.99,17.29,high,medium,6,namesilo,,,24/09/2026 12:10
119b2f3f-1461-478e-9579-d0eb4a4893bd,domed.yachts,available,1.8,19.98,high,low,5,namecheap,,,14/08/2026 15:37
592035e4-1502-49a1-9dcc-30add8baf1e4,satire.yachts,available,1.99,17.29,high,low,6,namesilo,,,24/09/2026 13:17
5ff82ed1-bbff-403c-a3b8-9f90754ec79f,fireball.yachts,available,1.99,17.29,high,low,8,namesilo,,,21/09/2026 22:35
3ee24c70-7ab4-41ab-8f97-9f573ec9d3bd,blazing.yachts,available,1.8,19.98,high,low,7,namecheap,,,10/08/2026 13:33
e1666caf-00e4-4750-9d51-3598979d7834,ibanking.yachts,available,1.99,17.29,medium,low,9,namesilo,,,20/09/2026 00:37
66893e30-217d-42ae-a01b-452f4df00dac,hirschfeld.yachts,available,1.99,17.29,medium,low,10,namesilo,,,18/09/2026 01:20
8a89433f-407b-4ecb-90ab-be8db70ffc7e,cottage.yachts,available,1.99,17.29,high,low,7,namesilo,,,24/09/2026 11:16
12a0a9fb-a887-492c-acde-d8baefb4dc5a,timetables.yachts,available,1.8,21.98,medium,low,10,namecheap,,,20/09/2026 12:23
bea767a3-7148-490c-8d5d-bb3d0acbe6c6,acicular.yachts,available,1.8,19.98,medium,low,8,namecheap,,,
c184410b-1752-4ebb-9ab1-ffddfd772766,askant.yachts,available,1.8,19.98,medium,low,6,namecheap,,,07/08/2026 03:05
88bb6081-66e0-42eb-8645-85c2178d99f4,surround.yachts,available,1.99,17.29,high,low,8,namesilo,,,24/09/2026 07:28
d46a7010-d4ca-4b51-8bb0-1ebed243bb5f,senior.yachts,available,1.99,17.29,high,low,6,namesilo,,,21/09/2026 22:36
e27588fe-daad-4a6c-a98d-b2d9e7154146,soddy.yachts,available,1.8,21.98,medium,low,5,namecheap,,,17/09/2026 09:26
7623c754-1da1-4c7b-8923-df6dab416d41,slyness.yachts,available,1.8,19.98,medium,low,7,namecheap,,,13/08/2026 10:43
4ef04213-150e-4326-a11a-98dffbff5792,stalinist.yachts,available,1.8,21.98,medium,low,9,namecheap,,,10/09/2026 18:25
5a17beb7-a507-4fb3-bc13-5a443f529eab,bio.yachts,premium,812.5,,high,medium,3,name.com,,,
bbf362b4-802e-4f54-a6b7-3e4da74b6df8,curfew.yachts,available,1.8,21.98,medium,low,6,namecheap,,,24/09/2026 20:27
a3af250f-1640-4bd8-a2f7-84dbaeeb4c24,cake.yachts,premium,2600,2600,high,low,4,namecheap,,,27/09/2026 02:19
bfe548e5-5d7b-4310-9928-a2aac8144057,topping.yachts,available,1.8,21.98,high,low,7,namecheap,,,11/09/2026 17:36
20a040f9-e059-4a60-b520-6d41264208e2,alligator.yachts,available,1.99,15.75,high,low,9,namesilo,,,
77bb2b2b-2f86-4b49-811f-f0bb66184b06,soap.yachts,premium,2500,,high,low,4,name.com,,,
47cce7da-dfe5-4964-a724-8b39d1597fb1,johnston.yachts,premium,832,832,high,low,8,namesilo,,,25/09/2026 07:53
3238a7d7-10eb-4e06-a188-b060fb490182,jetting.yachts,available,1.8,19.98,high,low,7,namecheap,,,22/08/2026 13:09
7ca2c3f8-b47c-4905-8d73-1b047bbb7687,pick.yachts,available,1.99,17.29,high,low,4,namesilo,,,23/09/2026 14:24
5eb40a4d-ed74-41e0-b2a5-0dbfefdd9ddd,dioecious.yachts,available,1.8,19.98,medium,low,9,namecheap,,,14/08/2026 08:20
b957ff0f-2c92-4578-9844-4344465cebd2,grasp.yachts,available,1.8,21.98,high,low,5,namecheap,,,19/09/2026 22:13
626d1682-5b69-46c5-8e77-570a24a85b8a,relatively.yachts,available,1.99,,medium,low,10,name.com,,,
deea7059-b67f-4778-a6e1-2d08b1cf6733,dealt.yachts,available,1.8,21.98,medium,low,5,namecheap,,,28/09/2026 08:17
86923909-d4e6-46d1-b75c-ee19f21db8e3,fleeting.yachts,available,1.8,19.98,high,low,8,namecheap,,,18/08/2026 07:51
0781038b-f2d1-4c87-8c51-77cc1f795db9,backgammon.yachts,available,1.99,17.29,high,low,10,namesilo,,,21/09/2026 15:34
473b2efe-3bd3-4ef0-b27c-e2b81a8ea14d,wines.yachts,available,1.99,17.29,high,low,5,namesilo,,,18/09/2026 10:23
9f7f98d0-53f0-4a80-8391-8fc5e91d5f81,gambling.yachts,premium,2600,2600,high,medium,8,namecheap,,,27/09/2026 04:09
36d9061f-edca-433d-9caa-739e1fb739e0,praise.yachts,premium,2500,,high,low,6,name.com,,,
2576e4b2-09d0-4fa2-9f97-756615fa17f8,honesty.yachts,available,1.99,17.29,high,low,7,namesilo,,,28/09/2026 06:00
c7a380c4-5e57-4f93-8fc3-3f98a407569e,expectable.yachts,available,1.8,19.98,medium,low,10,namecheap,,,17/08/2026 18:02
c6e7865f-9bf6-4489-a54d-952f154c5ef4,another.yachts,available,1.99,,high,low,7,name.com,,,
d8496646-b578-4004-9425-27f4f0fc20f4,injection.yachts,available,1.24,13.97,high,low,9,spaceship,,,28/09/2026 06:02
74a70298-a26f-4751-8a6b-9e29fae4bd72,learnedly.yachts,available,1.8,21.98,medium,low,9,namecheap,,,14/09/2026 16:04
167ae983-ab4b-4d7f-adec-b58143c7c3f5,advisee.yachts,available,1.99,17.29,medium,low,7,namesilo,,,17/09/2026 11:34
a420c3c4-c18e-42b7-9f1f-b76bbb14a6aa,alert.yachts,premium,2500,2500,high,low,5,name.com,,,
2282d007-b527-4341-9b3a-c41434b97925,heal.yachts,available,1.99,,high,low,4,name.com,,,
534786e5-8c21-4383-817d-1bf26c02ca9a,cyril.yachts,available,1.99,17.29,medium,low,5,namesilo,,,25/09/2026 04:29
76687af1-8639-4a6f-811c-1d18af406a06,sable.yachts,available,1.8,19.98,high,low,5,namecheap,,,14/08/2026 23:11
5d355055-8934-42f0-aec5-e5bef19383b5,shirley.yachts,premium,832,832,high,low,7,namesilo,,,25/09/2026 13:56
81440333-90e7-44c6-8589-2c943fab129c,formalise.yachts,available,1.99,15.75,high,low,9,namesilo,,,
9ee4431b-1110-4647-ae07-0f6a7afec398,stereo.yachts,available,1.8,21.98,high,low,6,namecheap,,,10/09/2026 20:09
9d77a46f-aeb2-4f22-bb71-35dda61ac008,madonna.yachts,premium,2660,2660,high,low,7,namesilo,,,24/09/2026 06:06
bdec6bc6-0581-4b4d-9414-fffb3d00dd48,nord.yachts,available,1.24,13.97,high,low,4,spaceship,,,27/09/2026 18:56
1f247077-77a5-4825-812a-d7dcb4f6e29e,coxa.yachts,available,1.99,17.29,high,low,4,namesilo,,,20/09/2026 11:23
8b26ca47-543a-43a2-897e-cc82c14a2583,groups.yachts,available,1.99,15.75,high,low,6,namesilo,,,
7e3afe88-8725-4f78-80c7-eaca270c5f78,amati.yachts,available,1.99,17.29,high,low,5,namesilo,,,18/09/2026 16:09
a2a97aff-91be-4c52-aeb2-a2e9c9504410,forwards.yachts,available,1.8,19.98,high,low,8,namecheap,,,18/08/2026 12:49
7c6d3085-6fa6-43fd-9057-8911deb848d7,leonine.yachts,available,1.8,19.98,medium,low,7,namecheap,,,22/08/2026 23:57
9785c221-906a-4023-bf57-b5c4f9b35910,cursed.yachts,available,1.8,19.98,high,low,6,namecheap,,,13/08/2026 11:32
63e23921-738d-41a3-8891-9c10184fa2dc,paunchy.yachts,available,1.8,19.98,medium,low,7,namecheap,,,
7e06537d-0ce5-4546-bd8d-885a31c27029,chord.yachts,available,1.99,17.29,high,low,5,namesilo,,,24/09/2026 14:47
a9e4cf8f-1b04-4f09-b2cb-434fab0c023a,parks.yachts,premium,812.5,,high,low,5,name.com,,,
b83cdaa4-4d85-4f0d-b850-6f53fd02fdd8,southbound.yachts,available,1.8,21.98,high,medium,10,namecheap,,,10/09/2026 14:47
c0f07b0c-04af-4460-8f13-b20f9dc00c61,limp.yachts,available,1.8,19.98,medium,low,4,namecheap,,,23/08/2026 12:39
8a6c4086-1f25-4e48-aff8-2e3141644d50,cameraman.yachts,available,1.99,15.75,high,low,9,namesilo,,,
64594e8a-c65f-4c5e-bb84-5664f0bd6bf6,acorn.yachts,available,1.99,17.29,high,low,5,namesilo,,,17/09/2026 02:18
44fd41c7-a5f4-48ad-a74e-5b7ca04dc5cf,dishwasher.yachts,available,1.99,15.75,high,low,10,namesilo,,,
18bb2ba1-28c7-41cd-8cc6-8347729809ce,unfeasible.yachts,available,1.8,19.98,medium,low,10,namecheap,,,21/08/2026 22:56
a91f9a8e-a87e-4395-ac4a-04f7d0cb914a,fizzy.yachts,available,1.8,19.98,high,low,5,namecheap,,,18/08/2026 06:03
0720fb71-10c5-489c-aebb-4d438c2d196f,trauma.yachts,available,1.99,17.29,high,low,6,namesilo,,,25/09/2026 07:04
0899ff4f-f83e-4247-a5d9-84ce5727584d,harder.yachts,available,1.8,21.98,medium,low,6,namecheap,,,26/09/2026 03:10
b99e0a70-93ae-47eb-9db0-ef224a155fac,overtime.yachts,available,1.99,,high,low,8,name.com,,,
03734a36-c32d-4c2d-a7a5-65f8fad6a141,nontaxable.yachts,available,1.8,21.98,medium,low,10,namecheap,,,03/09/2026 20:54
d50ce41e-763b-42ba-bc80-fead13896e2d,alkalinity.yachts,available,1.8,21.98,medium,low,10,namecheap,,,18/09/2026 08:19
aaa2b075-0e32-4953-89c0-cbe5dec8a310,supervisor.yachts,available,1.99,,high,low,10,name.com,,,
07e7d4b0-e397-4015-aade-8b0a1ba56e62,awareness.yachts,available,1.99,15.75,high,low,9,namesilo,,,
107b54da-49e0-4a14-bf0b-3cb58982eac4,disney.yachts,premium,2500,,high,high,6,name.com,,,
01ecab85-7ab3-46b9-b640-b2997cb9d2e1,erroneous.yachts,available,1.8,19.98,medium,low,9,namecheap,,,17/08/2026 12:56
fa5fe557-9244-4433-b912-d3088e9bd294,colombian.yachts,available,1.8,19.98,high,low,9,namecheap,,,12/08/2026 17:18
a7f48b4d-1c68-4686-833a-4b1a99aa87d0,monoatomic.yachts,available,1.8,19.98,medium,low,10,namecheap,,,25/08/2026 04:18
b5c1aaf6-9eae-464d-a71a-608892bdaf9b,reed.yachts,premium,832,832,high,low,4,namesilo,,,22/09/2026 21:42
d046fd67-e424-4f5e-a694-c2e422e4a6a7,bennie.yachts,available,1.99,17.29,high,low,6,namesilo,,,23/09/2026 08:32
502fa56f-41db-46f1-bd9c-fa4aaf349099,excision.yachts,available,1.8,21.98,medium,low,8,namecheap,,,16/09/2026 16:06
841fafbe-585f-489a-a719-ca9accc2a34a,revolutions.yachts,available,1.99,17.29,medium,low,11,namesilo,,,20/09/2026 15:34
b192e944-a743-4229-bc83-279d309f0a26,rebellion.yachts,available,1.99,,high,low,9,name.com,,,
28ef04a6-fc8f-4454-bf24-3041571e5abf,dresser.yachts,available,1.8,21.98,high,low,7,namecheap,,,17/09/2026 05:17
c0d1656c-9ae0-4464-b53c-eab27a691b93,curiosity.yachts,available,1.99,15.75,high,low,9,namesilo,,,
331d171c-374e-447e-b745-cdb129f6772c,ixl.yachts,available,1.8,19.98,medium,low,3,namecheap,,,
d1ad7986-4f7e-4d2f-91c2-41e43e07017e,vindicated.yachts,available,1.8,21.98,high,low,10,namecheap,,,08/09/2026 05:23
a0074017-79db-499b-9ed6-4005d78cb5fb,standby.yachts,available,1.8,21.98,high,low,8,namecheap,,,10/09/2026 18:37
040abedb-59ba-455e-bbf6-b8a72d94a63d,alkaloidal.yachts,available,1.8,19.98,medium,low,10,namecheap,,,
e8fa9c84-817c-4da4-a86f-6ebd75df48db,quite.yachts,available,1.99,,high,low,5,name.com,,,
5f3f22bc-8e2b-4f7a-8b2a-d67bbefd69dd,pilotless.yachts,available,1.8,21.98,high,medium,9,namecheap,,,08/09/2026 19:42
84268d9c-80ed-4bd1-ad11-2e2d0eee1588,hypo.yachts,available,1.8,19.98,high,low,4,namecheap,,,21/08/2026 17:15
a87c763f-3c1c-4198-896d-40ee41355709,door.yachts,available,1.99,17.29,high,low,4,namesilo,,,19/09/2026 10:21
ce458148-6307-4330-9027-6f0cb6730864,silvery.yachts,available,1.8,19.98,high,low,7,namecheap,,,06/08/2026 17:56
1bb02ff9-dfda-47da-82d2-dc7b1894d53d,aleph.yachts,available,1.8,21.98,high,low,5,namecheap,,,18/09/2026 05:19
aa551ab5-20d6-4f65-9403-e08de577deb8,forms.yachts,available,1.99,17.29,high,low,5,namesilo,,,17/09/2026 09:39
49f5348d-13fc-4c19-9eb0-1ae184843e88,procedures.yachts,available,1.99,17.29,medium,low,10,namesilo,,,18/09/2026 17:33
a547e317-12a5-4be0-92d4-5361d555bca1,wickedly.yachts,available,1.8,21.98,medium,low,8,namecheap,,,14/09/2026 16:40
c04d7005-ac39-4cf7-ac39-23b8a010c931,achillea.yachts,available,1.99,17.29,medium,low,8,namesilo,,,17/09/2026 00:35
ff7fe27d-43ee-4b37-80d4-928a9eb23101,nontoxic.yachts,available,1.8,21.98,medium,low,8,namecheap,,,18/09/2026 21:11
22301dba-d3ef-4dd1-9618-97bebdbba922,begonia.yachts,available,1.99,17.29,medium,low,7,namesilo,,,23/09/2026 02:28
a0d41144-25bc-4dbd-a330-81e6872862ae,centrical.yachts,available,1.8,19.98,medium,low,9,namecheap,,,12/08/2026 00:12
fc42da61-e7aa-4133-ab4b-719eee276358,bionics.yachts,available,1.99,17.29,high,low,7,namesilo,,,23/09/2026 18:40
24bfcbfc-de2a-416f-abf9-38fe54ace21d,gleeful.yachts,available,1.8,19.98,high,low,7,namecheap,,,20/08/2026 14:21
407497ff-c1aa-4943-a7d9-907d803c112e,erotism.yachts,available,1.99,17.29,medium,low,7,namesilo,,,18/09/2026 16:15
6ffefae3-54c6-425b-8698-d16c09848589,abominable.yachts,available,1.8,19.98,medium,low,10,namecheap,,,
4959a77d-0603-45e4-9e85-439de8b0ef0e,volary.yachts,available,1.99,17.29,medium,low,6,namesilo,,,21/09/2026 09:24
6b59f596-48fa-42f0-b803-fddc61b95249,debt.yachts,premium,812.5,,high,low,4,name.com,,,
e98447fd-9a4f-46a9-890c-4ad9f0f810e8,outside.yachts,available,1.8,21.98,high,low,7,namecheap,,,21/09/2026 23:49
08f8279c-5ad5-4fdb-9ecf-d898af845211,ruinous.yachts,available,1.8,19.98,medium,low,7,namecheap,,,10/08/2026 13:28
52edcb85-daaa-4212-ad2b-288ac280eb39,eichmann.yachts,available,1.99,17.29,medium,low,8,namesilo,,,17/09/2026 09:30
2629c3c2-564b-437d-978d-0a70bf9c5dc2,hadley.yachts,available,1.8,21.98,medium,low,6,namecheap,,,27/09/2026 20:44
acde9f54-4d70-44d2-86e1-7324d3a9028f,acanthurus.yachts,available,1.8,21.98,medium,low,10,namecheap,,,16/09/2026 20:58
78009537-50c1-4780-a94e-e7d3cf9e7879,hallowmas.yachts,available,1.99,17.29,medium,low,9,namesilo,,,18/09/2026 09:30
f33735d5-8afa-458a-9656-85901bece10a,fanta.yachts,premium,2500,,high,low,5,name.com,,,
b6c05299-7c3a-45bb-85a0-1ef9cc921146,pcs.yachts,available,1.8,21.98,high,low,3,namecheap,,,27/09/2026 08:22
0aba16a9-92de-436a-a752-afc2ba8afee1,ayrshire.yachts,available,1.99,17.29,high,low,8,namesilo,,,21/09/2026 10:44
1a0ae94f-8eb7-4e83-a648-3e3e03e9e0cf,definitive.yachts,available,1.8,19.98,high,low,10,namecheap,,,12/08/2026 09:45
1fe6a91d-fe72-43fe-b8ec-49c22e93963a,cropped.yachts,available,1.8,19.98,medium,low,7,namecheap,,,13/08/2026 07:53
c535fd3d-61f3-458a-8b45-48922145b348,clammy.yachts,available,1.8,19.98,medium,low,6,namecheap,,,12/08/2026 09:23
09a1c8c8-be62-4720-a542-d013486fb71e,plattensee.yachts,available,1.8,21.98,medium,low,10,namecheap,,,21/09/2026 21:22
952e08b7-4132-480a-a117-98a966ca6e66,clash.yachts,available,1.99,,high,low,5,name.com,,,
4bd5419a-4bac-4a4a-831c-d8154e844105,applied.yachts,available,1.8,19.98,high,low,7,namecheap,,,06/08/2026 07:11
ab96ef76-3438-4cbc-9322-f6e88048cf90,somatic.yachts,available,1.8,19.98,high,low,7,namecheap,,,13/08/2026 01:56
b4f8c6c3-cd3d-46c8-9f39-4883a8a4e10f,braun.yachts,available,1.99,17.29,high,low,5,namesilo,,,25/09/2026 02:19
7f5357ce-2df6-419d-8f39-2db70dc492b3,candor.yachts,available,1.99,0,high,low,6,name.com,,,24/09/2026 12:01
570d7dd8-280c-4ac9-b80e-dacf6e369026,haughty.yachts,available,1.8,19.98,medium,low,7,namecheap,,,21/08/2026 01:24
f47c9330-daff-41db-bf51-d85c57749f6e,beckley.yachts,available,1.99,17.29,medium,low,7,namesilo,,,22/09/2026 22:43
efa2394e-8896-4f5c-bc99-b7f4cab65eb4,lithesome.yachts,available,1.8,19.98,medium,low,9,namecheap,,,24/08/2026 01:12
8ed13546-3495-4112-9295-b025a8f5f00f,raiding.yachts,available,1.8,19.98,medium,low,7,namecheap,,,24/08/2026 15:45
879fd040-4fea-4be8-81d1-f74a73964120,sabine.yachts,available,1.8,21.98,high,medium,6,namecheap,,,09/09/2026 20:34
caeea416-5bed-4a36-8623-2594726576db,speechless.yachts,available,1.99,17.29,medium,low,10,namesilo,,,19/09/2026 16:52
249ded40-b820-4eba-8a73-7a1c3f7a0afc,shameless.yachts,available,1.8,21.98,medium,low,9,namecheap,,,10/09/2026 05:53
c28e4cd8-4cd2-45eb-a9c0-2632ec415f0c,steer.yachts,available,1.99,,high,low,5,name.com,,,
0c58ef24-5abd-482b-9125-a415882e538a,assorted.yachts,available,1.8,19.98,medium,low,8,namecheap,,,07/08/2026 07:25
86c76c3c-d4b5-4b33-8d49-cab583cb6684,marilyn.yachts,premium,845,845,high,low,7,namecheap,,,27/09/2026 06:57
b286f812-2847-457d-8ded-9e4559174629,allometric.yachts,available,1.8,19.98,medium,low,10,namecheap,,,
d89e1222-4068-4283-9d59-a6f37ba1e875,pellagra.yachts,available,1.8,21.98,medium,low,8,namecheap,,,18/09/2026 13:55
051dbc0a-0d13-4d59-9613-d763775e5e20,batfish.yachts,available,1.99,17.29,medium,low,7,namesilo,,,22/09/2026 13:14
9947ed12-7a0a-4089-b7bc-faaba1da11ec,foes.yachts,available,1.99,17.29,low,low,4,namesilo,,,18/09/2026 06:38
3bd9aa32-41b4-4e9c-966e-0ce3da6fe454,baal.yachts,available,1.99,17.29,high,low,4,namesilo,,,21/09/2026 12:05
ffe5c699-ca3f-4df9-850f-25a326f52c99,ensemble.yachts,available,1.99,17.29,high,low,8,namesilo,,,16/09/2026 09:22
fc4724a5-a5a9-415c-a682-e6403b63c54f,ballroom.yachts,available,1.99,15.75,high,low,8,namesilo,,,
5fbba3cc-2af3-40bf-a572-e4c3b0b752f5,sod.yachts,available,1.99,17.29,medium,low,3,namesilo,,,24/09/2026 11:02
5c84f16f-3884-4e9d-871e-9a1814587aa1,retain.yachts,available,1.99,,high,low,6,name.com,,,
2d0afa5b-93fc-47d5-90fc-c1c4835adf84,billiards.yachts,available,1.99,17.29,high,low,9,namesilo,,,23/09/2026 16:23
58bdcc87-a7ab-4326-a4f8-25ac7ac858cc,alger.yachts,available,1.99,17.29,medium,low,5,namesilo,,,18/09/2026 06:56
832bc600-2f37-408b-b325-055c6e3059ad,maladroit.yachts,available,1.8,19.98,medium,low,9,namecheap,,,24/08/2026 13:35
7a71a8a1-4515-4a71-8358-354652411d1a,blixen.yachts,available,1.99,17.29,medium,low,6,namesilo,,,22/09/2026 07:24
a9cd18fc-de50-4603-89fe-47420f1eb5b9,pixilated.yachts,available,1.8,19.98,low,low,9,namecheap,,,09/08/2026 15:41
020eefb5-8625-4cb6-9b0b-dbffaf430638,prismatic.yachts,available,1.8,21.98,high,low,9,namecheap,,,09/09/2026 02:09
06b7e0ec-3001-44a0-8d1a-51d6b4fa91f6,cleave.yachts,available,1.99,17.29,medium,low,6,namesilo,,,24/09/2026 15:43
1425d9c3-0c28-4479-9801-aa8ed1e92a75,aidoneus.yachts,available,1.99,20.99,medium,low,8,name.com,,,17/09/2026 20:53
7a3ea039-c752-4e1d-8244-45843201e69a,jewel.yachts,available,1.99,,high,low,5,name.com,,,
c9bce8cf-90f2-4baf-bc96-a79b928e997e,shear.yachts,available,1.99,,medium,low,5,name.com,,,
8aa14552-7909-483c-bc01-94b2f23846f0,rather.yachts,available,1.99,,high,low,6,name.com,,,
963b717b-a2ca-4065-a790-3f79ea42df7b,balzac.yachts,available,1.99,17.29,medium,low,6,namesilo,,,22/09/2026 00:32
7f506ef4-342b-48cd-851d-c0df09b3ca43,luxury.yachts,premium,10000,,high,low,6,name.com,,,
2acaebfc-8295-47f5-9b74-ea582921319b,biased.yachts,available,1.8,19.98,medium,low,6,namecheap,,,09/08/2026 18:36
78e76192-8050-48ef-b10b-f1d41e8fa20c,taliban.yachts,available,1.8,21.98,high,low,7,namecheap,,,27/09/2026 05:35
7433f58e-6588-4cb4-915d-3a05ab1a548f,sightless.yachts,available,1.8,21.98,high,medium,9,namecheap,,,10/09/2026 07:56
b6a59ede-59f4-479a-9eb7-d126800f1cf0,foolish.yachts,available,1.8,21.98,high,low,7,namecheap,,,24/09/2026 11:44
cb7cadef-7c61-4e23-8531-c2a046eb833c,thulium.yachts,available,1.99,17.29,medium,low,7,namesilo,,,20/09/2026 23:37
33d33fcd-572a-4ef0-89b4-d9808445af4c,cytolytic.yachts,available,1.99,20.99,medium,low,9,name.com,,,13/08/2026 14:42
624e792d-02fc-485f-b263-1aa7e9bee570,rise.yachts,premium,2660,2660,high,medium,4,namesilo,,,22/09/2026 09:12
f548e1b0-a412-4edd-9d7a-4e990422a5fe,kenyon.yachts,available,1.24,13.97,medium,low,6,spaceship,,,28/09/2026 04:16
0f525787-ff53-49e6-adc9-8e991964b433,agdistis.yachts,available,1.8,21.98,medium,low,8,namecheap,,,17/09/2026 16:43
e1115b96-14c4-4d44-aa14-e7ef5ca0bf86,untrained.yachts,available,1.8,21.98,medium,low,9,namecheap,,,12/09/2026 21:40
0bb9b82e-5534-49d2-9dd4-41286b1ab66d,xxi.yachts,available,1.8,21.98,high,low,3,namecheap,,,21/09/2026 12:32
8dbf422a-18c4-4e4f-b65a-797a4082cb38,midwife.yachts,available,1.99,17.29,high,low,7,namesilo,,,16/09/2026 23:05
e1fa3aa4-d847-4e27-ba5f-e178f29869a6,committee.yachts,available,1.99,15.75,high,low,9,namesilo,,,
23034072-d6a3-40ee-83ac-3b10299b5d4f,fifteen.yachts,available,1.8,21.98,high,low,7,namecheap,,,21/09/2026 11:44
f4ee50f8-e159-40e1-baec-e7d059cbfae1,slowcoach.yachts,available,1.8,21.98,medium,low,9,namecheap,,,10/09/2026 20:27
ddde83ac-6be2-4099-9fb7-8ce5e1fe56e6,sunnily.yachts,available,1.8,21.98,medium,low,7,namecheap,,,14/09/2026 06:41
6928b033-b063-4dbf-ab54-20a040c60174,protester.yachts,available,1.8,19.98,medium,low,9,namecheap,,,14/08/2026 12:41
bf0131c7-2d26-4b5f-884e-6c242bd8abdb,ailment.yachts,available,1.8,19.98,medium,low,7,namecheap,,,21/08/2026 18:47
b87d9eeb-01e8-4686-acd8-02cfd11b2e00,adversity.yachts,available,1.99,17.29,high,low,9,namesilo,,,17/09/2026 10:54
670dbba5-c219-494d-977f-c1f44ae1b81a,giacometti.yachts,available,1.8,21.98,high,low,10,namecheap,,,18/09/2026 02:46
05dd0f0f-8ebe-462a-9ce1-26526e54e3c5,carangid.yachts,available,1.8,19.98,medium,low,8,namecheap,,,11/08/2026 18:31
413f8e93-e1dd-4816-b843-298cb4a571e2,planless.yachts,available,1.8,19.98,medium,low,8,namecheap,,,
b94dabd0-98d9-4129-8796-636b94eac9ed,pallas.yachts,available,1.8,21.98,medium,low,6,namecheap,,,20/09/2026 20:39
2f1e72c9-3683-4f72-86a6-673f52d2e9d7,clinic.yachts,premium,812.5,,high,low,6,name.com,,,
3f941fbd-48b4-4623-bca7-c431a45a870b,forceful.yachts,available,1.8,19.98,high,low,8,namecheap,,,18/08/2026 11:13
99a2182f-d56d-4fd8-b6f2-2f01e5491467,reputable.yachts,available,1.8,21.98,high,low,9,namecheap,,,09/09/2026 14:45
c0ba8528-c751-4f66-b202-c6fd79c462c1,griffith.yachts,premium,832,832,medium,low,8,namesilo,,,25/09/2026 04:33
c6434ec0-2a5e-4894-8ee9-7c2f92fa1296,jupiter.yachts,premium,2500,,high,low,7,name.com,,,
7f0e9c2e-04c7-4955-b3e5-6011168c3567,agha.yachts,available,1.99,17.29,medium,low,4,namesilo,,,17/09/2026 15:59
3bea798e-e4ca-4c1e-aa04-3816167782ff,hooligan.yachts,available,1.8,19.98,medium,low,8,namecheap,,,11/08/2026 08:39
969f7078-6cc8-48ca-a3ad-e12cfcc3ad3d,else.yachts,available,1.99,,high,low,4,name.com,,,
2667c7fd-e647-4633-ad95-22af36558042,clientele.yachts,available,1.99,17.29,high,low,9,namesilo,,,24/09/2026 15:37
d7a7e47e-bbba-4d9c-9dd5-efea4dadaf49,brimful.yachts,available,1.8,19.98,high,low,7,namecheap,,,11/08/2026 04:08
5b52d141-1aac-4dac-ae00-9cfc05d92a4d,hillary.yachts,available,1.99,17.29,high,low,7,namesilo,,,27/09/2026 03:48
1179730a-5962-4224-a95e-e00da86253b8,baloney.yachts,available,1.99,17.29,medium,low,7,namesilo,,,21/09/2026 23:43
850e929c-9227-450e-9dfe-4c02b198be79,unlovely.yachts,available,1.8,21.98,medium,low,8,namecheap,,,12/09/2026 15:12
a9f962ce-30e7-4195-8096-3b5a80fc291e,zilch.yachts,available,1.8,21.98,medium,low,5,namecheap,,,03/09/2026 22:42
0be12aaa-9b12-4fbd-999d-3d61551ccded,barouche.yachts,available,1.99,17.29,medium,low,8,namesilo,,,22/09/2026 07:43
94572258-357e-4cf1-8446-890233d67966,mastoid.yachts,available,1.8,19.98,medium,low,7,namecheap,,,24/08/2026 16:48
bf45a86d-985c-4e31-83e9-292fe7dae71e,pissed.yachts,available,1.8,19.98,medium,low,6,namecheap,,,
1da6ccf3-9922-449d-909e-b3455fff9676,scotch.yachts,available,1.99,17.29,high,low,6,namesilo,,,24/09/2026 21:59
da81184d-8019-4326-8db3-35af82e4bf2e,acadian.yachts,available,1.8,21.98,high,low,7,namecheap,,,16/09/2026 20:29
ad9d3fda-f04c-4d0c-9f58-e694a9d242dc,told.yachts,available,1.99,,medium,low,4,name.com,,,
682a00ad-b20a-4317-aff8-e5e7aa56208f,lot.yachts,available,1.8,21.98,high,low,3,namecheap,,,25/09/2026 20:36
e5f0d6b5-481b-485e-ba3d-425196835859,mason.yachts,premium,832,832,high,low,5,namesilo,,,16/09/2026 12:59
9b3aa9bf-7d60-40eb-b956-7c893ef2eba2,drapes.yachts,available,1.99,17.29,high,low,6,namesilo,,,17/09/2026 07:49
e8526a02-3017-4df0-9967-565082714569,approximately.yachts,available,1.8,21.98,medium,low,13,namecheap,,,27/09/2026 08:28
2233b240-7226-40f9-a74a-6b5b3321645b,fluvial.yachts,available,1.8,19.98,medium,low,7,namecheap,,,18/08/2026 09:35
b5867dea-391b-412b-9462-b7d5d4ed9362,arrangements.yachts,available,1.99,17.29,medium,low,12,namesilo,,,27/09/2026 10:40
222554bc-587e-4659-9c71-03c0855240a6,tzarist.yachts,available,1.99,20.99,medium,low,7,name.com,,,13/08/2026 14:59
38f47dc4-1fe3-43cd-af1f-6149113fb33d,tractile.yachts,available,1.8,21.98,medium,low,8,namecheap,,,11/09/2026 18:39
c65f369b-a977-4b69-9daa-1fdfa01e86ca,verbosely.yachts,available,1.8,21.98,medium,low,9,namecheap,,,15/09/2026 12:43
4ebc66db-50f2-4d3b-ab58-2326df16c8ee,dubuque.yachts,available,1.99,17.29,medium,low,7,namesilo,,,28/09/2026 05:32
08350e29-95d9-463b-b7f3-9dc4fbe9fe98,flatly.yachts,available,1.8,21.98,medium,low,6,namecheap,,,14/09/2026 05:29
97999d13-f9e5-45e3-8085-240ef26bb848,congregation.yachts,available,1.99,15.75,high,low,12,namesilo,,,
fdcd8e82-7acd-4e21-8402-e2bcee137a47,belle.yachts,available,1.8,21.98,high,low,5,namecheap,,,23/09/2026 06:02
a1a7661d-56d2-4607-95dd-9dc1cea465de,mirror.yachts,premium,812.5,,high,low,6,name.com,,,
fcaa4802-c054-45e0-9823-18ca9dafd1bc,thinly.yachts,available,1.8,21.98,medium,low,6,namecheap,,,11/09/2026 13:26
bb22fbb8-ffde-4371-b0e2-300661e93739,hannah.yachts,premium,845,845,high,low,6,namecheap,,,25/09/2026 11:24
ea353f1c-f2b2-462a-8a44-1cd7764bac05,jack.yachts,premium,2500,,high,medium,4,name.com,,,
34688ab9-7004-436c-bb3b-9a8ad2c8d38f,grandpa.yachts,available,1.99,,high,low,7,name.com,,,
20a3d56f-95f7-433e-bb0e-2a00e621f312,internally.yachts,available,1.8,21.98,medium,low,10,namecheap,,,15/09/2026 09:01
94cc0684-1f96-4ce3-b48d-8e1a84c0aae7,theater.yachts,available,1.8,21.98,high,low,7,namecheap,,,28/09/2026 03:50
bc92c00d-5de7-4618-a92f-8cbe8d71fb38,multiplied.yachts,available,1.8,21.98,medium,low,10,namecheap,,,03/09/2026 10:54
c9d48302-9da4-45ec-8780-17b56b425099,courageous.yachts,available,1.99,17.29,high,low,10,namesilo,,,23/09/2026 02:25
9bb6b6d1-a0b6-4624-aeee-5a66f36923a2,supermodel.yachts,available,1.99,,high,low,10,name.com,,,
dc917a26-482b-44ba-ab95-5d2df2eb2fcf,subclavian.yachts,available,1.8,21.98,medium,low,10,namecheap,,,10/09/2026 23:40
5240e25e-dafc-4471-b98b-6e717f50af42,chat.yachts,premium,2660,2660,high,medium,4,namesilo,,,24/09/2026 13:53
50d314f6-9d86-4089-9e88-05925daab7be,demotic.yachts,available,1.8,19.98,medium,low,7,namecheap,,,14/08/2026 01:35
02b9d9ac-fdc2-4b76-b88f-85610983eda3,oppressive.yachts,available,1.8,21.98,medium,low,10,namecheap,,,04/09/2026 16:52
f9770646-38c8-4064-941a-5413fbd348ed,could.yachts,available,1.99,15.75,high,low,5,namesilo,,,
93a1dbac-7016-4832-aad5-19f762c6f000,wasnt.yachts,available,1.99,,low,low,5,name.com,,,
4b14d330-57f2-4ebe-8394-24fd4f60415a,alb.yachts,available,1.99,17.29,high,low,3,namesilo,,,18/09/2026 02:20
ce4e108d-dc28-4092-b106-caf8787b7726,shoeless.yachts,available,1.8,19.98,medium,low,8,namecheap,,,08/08/2026 19:04
af286698-0ed8-45d1-b453-6038bcc341ab,maguire.yachts,available,1.99,17.29,high,low,7,namesilo,,,28/09/2026 04:17
21f8f733-0a40-4949-96e3-33329b721bb1,metier.yachts,available,1.8,19.98,high,low,6,namecheap,,,18/08/2026 12:29
a83aed66-07b6-4519-b8fa-2fd019d3a299,scrap.yachts,available,1.8,19.98,high,low,5,namecheap,,,18/08/2026 03:49
0eb198a0-a5eb-4458-abad-245ce44c4157,definite.yachts,available,1.99,17.29,high,low,8,namesilo,,,24/09/2026 05:06
ebef66b0-0d7a-4213-a275-96dc27936e1d,squatty.yachts,available,1.8,19.98,medium,low,7,namecheap,,,24/08/2026 10:38
ee76e3de-0484-4542-b3bf-1d6dd4bb55ac,promise.yachts,premium,812.5,,high,low,7,name.com,,,
12997384-fd88-48ea-8b6c-c981220f63b5,tolerable.yachts,available,1.8,21.98,medium,low,9,namecheap,,,24/09/2026 16:18
bba1da48-6863-4dd6-b2dc-ca62001c764c,brooks.yachts,premium,832,832,high,low,6,namesilo,,,24/09/2026 10:47
6ee5f5af-1b2f-4fab-84f1-0ea52989f851,reference.yachts,available,1.99,,high,low,9,name.com,,,
9eed9404-d26b-43a7-8297-0bfc3a54e840,repeatedly.yachts,available,1.8,21.98,medium,low,10,namecheap,,,15/09/2026 23:12
8d0f8d92-820f-4f26-a657-61ce9f5b0885,sober.yachts,available,1.8,19.98,high,low,5,namecheap,,,20/08/2026 18:42
e40ccae7-17a2-43ba-ba2c-523a82168495,sarah.yachts,premium,832,832,high,low,5,namesilo,,,25/09/2026 10:34
73507f4e-93d5-4933-a263-3e58dd389473,criterion.yachts,available,1.99,17.29,high,low,9,namesilo,,,28/09/2026 00:29
6412c826-66fe-4a5b-8b44-d37c8aa04f56,feminism.yachts,available,1.99,15.75,high,low,8,namesilo,,,
c1224817-49ff-43ff-aba3-75b246c091ad,nec.yachts,available,1.8,21.98,high,medium,3,namecheap,,,25/09/2026 23:52
3dbc9c51-f594-4019-b54e-756bd28cf3d7,awfully.yachts,available,1.99,17.29,medium,low,7,namesilo,,,22/09/2026 15:26
2e633aae-85df-4a30-be45-5607cec383d6,capped.yachts,available,1.8,19.98,medium,low,6,namecheap,,,11/08/2026 18:02
624739a9-f5af-4777-a564-a52fc9e5bab3,skeptical.yachts,available,1.8,19.98,medium,low,9,namecheap,,,14/08/2026 09:34
cf31c5ac-d4c6-4896-b8a6-7147ce666e30,melee.yachts,available,1.99,17.29,high,low,5,namesilo,,,22/09/2026 16:23
4ef8d9df-a252-4764-9548-723f2a69fc19,saves.yachts,available,1.8,21.98,medium,low,5,namecheap,,,28/09/2026 09:04
861030a0-a9c9-4ada-b840-e038ed39debd,britain.yachts,available,1.99,,high,low,7,name.com,,,
8c83bc8d-c691-404e-b929-f64dfed62169,dud.yachts,available,1.8,19.98,high,low,3,namecheap,,,14/08/2026 20:55
fdcfdc78-5203-4b87-ac13-faa2ad970ddc,sameness.yachts,available,1.8,19.98,medium,low,8,namecheap,,,21/08/2026 15:12
00186d4a-d02d-48d7-b375-9e5669632506,commonsense.yachts,available,1.99,15.75,high,low,12,namesilo,,,
d9514437-3b70-4f77-9878-59977880eb3e,freshly.yachts,available,1.8,19.98,high,low,7,namecheap,,,18/08/2026 15:18
aa360917-839b-4a6d-9d08-3d3e7b78f282,slipped.yachts,available,1.99,17.29,high,low,7,namesilo,,,18/09/2026 02:25
5581857d-dd17-4f18-a4f3-a850c3e8d1ee,clement.yachts,available,1.8,19.98,high,low,7,namecheap,,,12/08/2026 10:42
87f37a1f-2914-4dc6-a5bd-5b291f38f701,babbler.yachts,available,1.99,17.29,high,low,7,namesilo,,,21/09/2026 12:25
028087ad-0ee3-49f5-96ce-8956f8a8d362,geothermic.yachts,available,1.8,19.98,medium,low,10,namecheap,,,18/08/2026 22:41
d62b3695-b0d7-4274-b735-27455fcd52f3,maximizing.yachts,available,1.8,19.98,high,low,10,namecheap,,,24/08/2026 17:56
e7199e65-9a70-4c76-8d8c-0af96f67a2a4,dictation.yachts,available,1.99,17.29,high,low,9,namesilo,,,23/09/2026 13:35
cb9a5462-fb58-42db-93aa-0a486574d2c5,believed.yachts,available,1.99,17.29,medium,low,8,namesilo,,,17/09/2026 00:11
f4dc111d-ced1-4028-af15-ad819314c5f3,amyl.yachts,available,1.99,17.29,medium,low,4,namesilo,,,19/09/2026 00:29
189f59c9-d9e8-4536-9909-ef108a29ae0c,roiled.yachts,available,1.8,19.98,medium,low,6,namecheap,,,
1d24d729-0852-49e5-8450-30a8280048d2,angostura.yachts,available,1.99,17.29,medium,low,9,namesilo,,,19/09/2026 07:08
5a1543c3-a2a4-49ad-83a9-00124ef523c2,legalize.yachts,available,1.8,19.98,high,low,8,namecheap,,,22/08/2026 23:05
2067f6eb-32fb-43c0-a16f-254a77869880,arminius.yachts,available,1.99,17.29,medium,low,8,namesilo,,,20/09/2026 07:08
75d01c63-34c5-4d57-ba4e-7e04ecd705af,blancmange.yachts,available,1.8,21.98,medium,low,10,namecheap,,,24/09/2026 03:51
2269d48a-6e84-4b7b-9653-d0900a3fb76b,bard.yachts,available,1.99,17.29,high,medium,4,namesilo,,,22/09/2026 05:09
6b3e1741-ce02-48bd-9ee0-b00f4a1946be,unlike.yachts,available,1.24,13.97,high,low,6,spaceship,,,28/09/2026 09:47
2f856477-ba34-4e4f-842c-d688d214ebdb,corregidor.yachts,available,1.99,17.29,medium,low,10,namesilo,,,22/09/2026 13:13
d16e2414-eafa-414b-8373-3547a0dd7e1c,apiculture.yachts,available,1.99,17.29,medium,low,10,namesilo,,,19/09/2026 15:54
d0f71c02-bfe4-4f5b-b319-9197c5f3840c,unblended.yachts,available,1.8,21.98,medium,low,9,namecheap,,,12/09/2026 02:12
283ec7f5-2175-49d0-ab2b-af4598a68eae,ptolemaic.yachts,available,1.8,21.98,medium,low,9,namecheap,,,09/09/2026 05:10
58b1d620-4e96-4100-8e6b-92247ecd8712,malaria.yachts,available,1.99,,medium,low,7,name.com,,,
37120356-f61a-4a24-be42-174f0e4b04e8,haywire.yachts,available,1.8,19.98,medium,low,7,namecheap,,,
8ab6b06b-485f-4a3f-986d-d3205bf91806,wannabee.yachts,available,1.8,19.98,medium,low,8,namecheap,,,07/08/2026 05:22
ac40373e-8c40-4a23-ada2-0156abd3111f,arachnoid.yachts,available,1.8,19.98,medium,low,9,namecheap,,,06/08/2026 11:41
c0a1427b-1c3a-494c-89f8-6b5c6e312dfc,coordinate.yachts,available,1.8,21.98,high,low,10,namecheap,,,08/09/2026 03:35
c5a882fc-adaa-41e2-a1a3-1643c81ad1f4,dust.yachts,available,1.8,21.98,high,low,4,namecheap,,,24/09/2026 21:05
7cb0d114-f1df-43f4-bb7a-0bf34c13cf7a,tuna.yachts,available,1.99,17.29,high,low,4,namesilo,,,19/09/2026 07:27
72336100-0834-4cdd-99b1-3df3d2ad649f,glances.yachts,available,1.8,21.98,medium,low,7,namecheap,,,18/09/2026 02:11
1dc31f9f-e888-41d1-b2eb-b18974723cba,printed.yachts,available,1.99,14.45,high,low,7,dynadot,,,27/09/2026 21:56
616e4baa-0654-49d0-9f16-271687cf51c7,xlii.yachts,available,1.8,19.98,medium,low,4,namecheap,,,
1e9741f1-44b1-41b8-a903-6ab5f41249a6,feather.yachts,available,1.99,15.75,high,low,7,namesilo,,,
8ad54267-48c2-407d-845b-b43bcbaa86f7,christians.yachts,available,1.99,17.29,medium,low,10,namesilo,,,16/09/2026 12:24
ea166d6e-25a3-4bc3-bb5b-46388381da67,buckram.yachts,available,1.8,19.98,medium,low,7,namecheap,,,11/08/2026 07:31
c4b6fa51-5f31-4583-97f9-c83621438ee2,cloisonne.yachts,available,1.8,19.98,medium,low,9,namecheap,,,12/08/2026 01:39
15842c2c-bb6c-43de-a422-0fdb268f25d0,motorcycle.yachts,available,1.99,17.29,high,low,10,namesilo,,,23/09/2026 15:33
0f63f11f-3b6e-433d-b5cf-41d8a1cd8852,relocations.yachts,available,1.8,21.98,medium,low,11,namecheap,,,21/09/2026 08:41
3200bbf8-5d16-453d-99c4-6f9c0cf8e572,mood.yachts,available,1.99,,high,low,4,name.com,,,
9033cf90-d577-4d0d-a5f7-4162a703bf32,diaphanous.yachts,available,1.8,19.98,medium,low,10,namecheap,,,12/08/2026 14:26
bc068932-4f46-44be-830c-6aa8c63d4495,depending.yachts,available,1.24,13.97,medium,low,9,spaceship,,,27/09/2026 22:26
df3852e1-3b6d-454f-9830-eb4c81eeef81,twins.yachts,available,1.99,17.29,high,medium,5,namesilo,,,25/09/2026 06:26
ad90f254-8469-49a6-bea9-f595a2675d63,aught.yachts,available,1.8,21.98,medium,low,5,namecheap,,,03/09/2026 22:36
70f7eae2-c7c2-4f8d-8d0b-41c8223e0b43,unfounded.yachts,available,1.8,19.98,medium,low,9,namecheap,,,08/08/2026 21:57
e24e4de8-e9ac-40fd-86bc-96f3226a015e,muttering.yachts,available,1.8,21.98,medium,low,9,namecheap,,,03/09/2026 11:14
0a0892dc-98cf-412a-9197-b64d5cb0c05f,technicals.yachts,available,1.8,21.98,medium,low,10,namecheap,,,18/09/2026 20:39
f47636a8-b68a-4140-8017-0272c92c1200,rifle.yachts,available,1.99,17.29,high,low,5,namesilo,,,27/09/2026 04:01
ec86483a-bbfc-4aff-9fde-a4efdd3d73fc,alcidae.yachts,available,1.99,17.29,medium,low,7,namesilo,,,18/09/2026 04:02
777ae4f5-9619-42e6-87ec-f580183814cd,bestiality.yachts,available,1.99,17.29,medium,low,10,namesilo,,,23/09/2026 10:39
b46a81b3-b5dd-400c-bc24-08360e91f9d1,pochard.yachts,available,1.99,17.29,medium,low,7,namesilo,,,21/09/2026 10:48
fc74ee19-a0db-46cc-a30b-067b467a73b3,wily.yachts,available,1.8,19.98,medium,low,4,namecheap,,,13/08/2026 04:38
72771c30-3ac2-4607-87eb-e139a4031792,stupe.yachts,available,1.8,21.98,medium,low,5,namecheap,,,10/09/2026 23:06
deb646a1-492a-47c7-89a7-edc28fbde8e6,abrasive.yachts,available,1.8,19.98,high,low,8,namecheap,,,
985c821c-66b4-491e-bd69-9202960c72a0,pastorale.yachts,available,1.8,21.98,medium,low,9,namecheap,,,08/09/2026 10:10
2b07655d-dfb3-4f68-a1fb-53f4a3587d41,ricky.yachts,available,1.99,14.45,high,low,5,dynadot,,,27/09/2026 19:08
1d282ef9-b0af-4956-9f0c-e5bfddc4d7f2,wordplay.yachts,available,1.99,,high,low,9,name.com,,,
390ab73b-3d4f-4cfb-89b2-bdaf82595c36,ashe.yachts,available,1.99,17.29,high,low,4,namesilo,,,20/09/2026 10:46
473d042f-bfcf-462a-ba71-cb05ceda5149,schilling.yachts,available,1.99,17.29,high,low,9,namesilo,,,21/09/2026 04:58
d7beefa3-7b94-464b-947c-d03595031a03,blazonry.yachts,available,1.99,20.99,medium,low,8,name.com,,,24/09/2026 05:06
b5e14f77-1451-4628-b558-98bd30166cb4,incensed.yachts,available,1.8,19.98,medium,low,8,namecheap,,,22/08/2026 01:01
f6b65022-78c7-41b3-8dbd-a70b768a88d6,welshman.yachts,available,1.8,21.98,medium,low,8,namecheap,,,13/09/2026 10:44
36a18c58-b7c7-446f-99ed-6da51b0609a2,bangla.yachts,available,1.8,21.98,high,low,6,namecheap,,,22/09/2026 01:51
764a9b42-9858-40e7-9cd8-0406b10338f3,canine.yachts,available,1.8,19.98,high,low,6,namecheap,,,11/08/2026 16:56
f9a299cb-d0fe-476b-9f7c-6cc37443c459,mesmeric.yachts,available,1.8,19.98,medium,low,8,namecheap,,,24/08/2026 21:13
4ef7b8ef-800d-4d4d-99d7-2a35cf5b7545,homewards.yachts,available,1.8,19.98,high,low,9,namecheap,,,21/08/2026 11:24
318912ec-2631-48f2-91b6-106a77d63a52,recreate.yachts,available,1.99,17.29,high,low,8,namesilo,,,24/09/2026 14:10
7d91067e-4272-4530-ad5a-feae323b3908,acarina.yachts,available,1.8,21.98,medium,low,7,namecheap,,,16/09/2026 21:31
06ead7d7-ce22-4445-9f0e-3ab95ad3f13c,biting.yachts,available,1.8,19.98,medium,low,6,namecheap,,,08/08/2026 16:41
573c5fc1-ecf0-435c-9f33-6a142d31a4ae,millennium.yachts,available,1.8,19.98,high,low,10,namecheap,,,24/08/2026 23:15
b61c2a61-167f-4429-8895-195fdd1c0d89,panel.yachts,resell,,,high,low,5,Dynadot Inc,01/09/2026 12:22,01/09/2027 23:59,26/09/2026 08:01
49d54512-0cb8-4f3e-9f37-85db13ed95cd,boris.yachts,available,1.8,21.98,high,low,5,namecheap,,,25/09/2026 20:39
0fdba6ef-97a6-4053-aad9-8394cad54918,aliquot.yachts,available,1.8,19.98,medium,low,7,namecheap,,,
0563cad4-648f-4fb3-aabc-2448cbb4a59a,waken.yachts,available,1.8,19.98,high,low,5,namecheap,,,08/08/2026 00:08
4410075f-be5c-48ed-bffb-3aca264cd54b,besotted.yachts,available,1.8,19.98,medium,low,8,namecheap,,,09/08/2026 15:27
211e28ad-18d4-41c0-a422-aa75facbdce5,scripted.yachts,available,1.99,17.29,high,low,8,namesilo,,,27/09/2026 18:42
76e5bbe6-23e8-41b9-bdf4-4aa73257a4dd,apologist.yachts,available,1.8,21.98,medium,low,9,namecheap,,,19/09/2026 18:45
9f40fc36-4648-40c5-9bcc-21f4afa65fd4,foreordain.yachts,available,1.8,21.98,high,medium,10,namecheap,,,09/09/2026 01:24
56391299-961a-45df-9c18-c6c8e74e3037,improbably.yachts,available,1.8,21.98,medium,low,10,namecheap,,,15/09/2026 02:27
29a3fe95-d3b8-49f2-b770-7bbd397ca736,debater.yachts,available,1.99,17.29,medium,low,7,namesilo,,,20/09/2026 04:45
f06833b2-54f0-430a-a0a6-1f6ff15a12f7,land.yachts,resell,,,high,low,4,"GoDaddy.com, LLC",13/03/2022 19:30,13/03/2027 23:59,26/09/2026 07:08
f58feb64-2900-4f60-8710-963b5585e3c8,birr.yachts,available,1.8,21.98,medium,low,4,namecheap,,,13/09/2026 11:33
60c00bc4-3568-4e06-9b44-342bc54f724f,blacken.yachts,available,1.8,19.98,medium,low,7,namecheap,,,10/08/2026 11:10
eb441736-9d59-496c-880a-6ea6130a05d1,apadana.yachts,available,1.99,17.29,medium,low,7,namesilo,,,19/09/2026 16:10
0f2b2559-3f89-42bb-811b-394b969e81f8,bargain.yachts,available,1.99,15.75,high,low,7,namesilo,,,
87523c19-964e-457f-acae-64cd60784575,mohamed.yachts,available,1.99,17.29,medium,low,7,namesilo,,,28/09/2026 04:07
6ffcf904-7e38-4ff5-b699-126fa0547abf,dazzling.yachts,available,1.8,19.98,high,low,8,namecheap,,,10/08/2026 13:44
91f99599-1099-4667-ae77-a418fe6b2a35,reversion.yachts,available,1.8,21.98,high,low,9,namecheap,,,09/09/2026 16:19
e6198f3e-7812-4bdf-8f6a-d1df9dfcc38b,respectful.yachts,available,1.99,17.29,high,low,10,namesilo,,,27/09/2026 12:44
dee97f94-7b87-4677-86df-5427ea3024fd,boat.yachts,premium,10000,,high,low,4,name.com,,,
ff0f5620-4942-485b-a99e-f0c3c5b1aa15,bureau.yachts,available,1.99,17.29,high,low,6,namesilo,,,17/09/2026 17:00
30adf126-31d4-4b8c-8645-ad082f0d48d2,reversely.yachts,available,1.8,21.98,medium,low,9,namecheap,,,15/09/2026 23:37
aaa10af1-2672-4c59-9f86-884f7c9d09dc,rage.yachts,available,1.99,,high,low,4,name.com,,,
e237d9b8-b2c3-4bbe-841b-5d9a2062e737,sugared.yachts,available,1.8,21.98,medium,low,7,namecheap,,,11/09/2026 01:16
29d4c2be-cc61-48a9-8143-40a3aa1f84c6,silty.yachts,available,1.8,21.98,high,medium,5,namecheap,,,10/09/2026 08:10
b04e2589-8662-4bf4-b51f-d71cad338199,basuto.yachts,available,1.8,21.98,medium,low,6,namecheap,,,22/09/2026 13:01
192e177f-2e6a-487f-8f00-4a1bda92d21c,catholicism.yachts,available,1.8,21.98,high,low,11,namecheap,,,17/09/2026 00:07
a7c4551e-5533-432a-99ca-49b83df9f677,ointment.yachts,available,1.8,19.98,high,low,8,namecheap,,,16/08/2026 15:54
dcb6149c-8ff5-4db6-bbad-a4cea998f42c,aroused.yachts,available,1.8,19.98,high,low,7,namecheap,,,
d3d7f2b0-7e91-40e1-9586-db00e5d9afe5,try.yachts,resell,,,high,low,3,"NameCheap, Inc.",21/03/2026 01:49,21/03/2027 23:59,26/09/2026 09:47
eb73dc57-f405-4a5c-9a77-cf45d5043cd8,lane.yachts,premium,2500,,high,low,4,name.com,,,
2ebd28e8-1656-4841-9c18-c4fd4423c957,cattish.yachts,available,1.8,19.98,medium,low,7,namecheap,,,10/08/2026 07:28
866631a7-b664-4249-8381-68dacecde47f,oddish.yachts,available,1.8,21.98,low,low,6,namecheap,,,04/09/2026 00:50
f67ba89a-9429-4e69-a20b-7e260c34ddd8,antapex.yachts,available,1.99,17.29,medium,low,7,namesilo,,,19/09/2026 12:32
08b5addc-d0e0-4469-aa5a-f516a8dd7ed3,donee.yachts,available,1.8,19.98,medium,low,5,namecheap,,,09/08/2026 14:26
09309cd5-2084-426c-8374-72b67ae8ae27,indian.yachts,available,1.99,17.29,high,low,6,namesilo,,,22/09/2026 04:13
0b2d21e8-17df-46c4-b8ed-42425c24e581,dachshund.yachts,available,1.8,21.98,high,low,9,namecheap,,,21/09/2026 17:04
82107c26-2a86-403e-83b4-5e4c567d8417,flurry.yachts,available,1.99,17.29,medium,low,6,namesilo,,,17/09/2026 09:17
6b524ed8-0c46-423b-8723-0d44a7d17bb5,wooly.yachts,available,1.8,19.98,high,low,5,namecheap,,,18/08/2026 08:45
b3368a48-ad05-47fa-9e60-9156bf97ff1c,winged.yachts,available,1.8,21.98,high,low,6,namecheap,,,13/09/2026 12:29
8d092018-94af-463c-829a-b4a9bed13d16,clarity.yachts,available,1.99,17.29,high,medium,7,namesilo,,,25/09/2026 09:04
e695ddc5-1c2d-47db-80d4-dcf9f7b6e7be,analytical.yachts,available,1.8,19.98,high,low,10,namecheap,,,
893cf30b-5df2-41a1-bb91-f6e3871cbf87,billing.yachts,available,1.99,17.29,high,low,7,namesilo,,,23/09/2026 16:30
e7ea29b3-253c-4ac2-82b0-8ca1878de3ab,favor.yachts,available,1.99,17.29,high,low,5,namesilo,,,27/09/2026 03:53
9eb6ca3d-f86f-426f-b2e0-3296cd399170,tedious.yachts,available,1.99,17.29,medium,low,7,namesilo,,,23/09/2026 00:32
bddfad25-0cc2-4b9b-a55b-ab430b452b6b,hurtful.yachts,available,1.8,19.98,medium,low,7,namecheap,,,14/08/2026 00:28
4b426e08-7c8f-4df1-a005-666919e071b6,slue.yachts,available,1.8,21.98,high,medium,4,namecheap,,,10/09/2026 06:20
c00a2825-5692-435e-9de1-b45dc4b74b00,residual.yachts,available,1.8,21.98,high,low,8,namecheap,,,09/09/2026 14:59
797894be-3c8b-4292-9599-a24a07911a95,generously.yachts,available,1.8,21.98,high,low,10,namecheap,,,14/09/2026 21:14
5f670363-eef7-4ca9-aa65-21b2cebd2799,variable.yachts,available,1.99,,high,low,8,name.com,,,
5d922296-0009-48b5-a716-b51571533b48,lines.yachts,available,1.99,17.29,high,medium,5,namesilo,,,25/09/2026 13:07
547657d6-bd37-48ed-881f-628378d7b82c,apery.yachts,available,1.8,21.98,medium,low,5,namecheap,,,19/09/2026 16:43
b5c4a9ca-2969-4d81-a69c-f837edaec696,acned.yachts,available,1.8,19.98,low,low,5,namecheap,,,
0c26883c-11a6-4c4a-9a63-cdf68d03e165,goosy.yachts,available,1.8,19.98,medium,low,5,namecheap,,,14/08/2026 16:07
d679c909-b5eb-46e8-bdf6-177b02312b81,equivocal.yachts,available,1.8,19.98,high,low,9,namecheap,,,
79866c04-beda-41b9-947c-43bf7f7d2208,moneron.yachts,available,1.8,19.98,medium,low,7,namecheap,,,25/08/2026 04:30
8c465af1-e648-4628-b269-797713050db9,fla.yachts,available,1.99,15.75,high,low,3,namesilo,,,
05adeece-ced9-427e-9749-6a95a6b83710,elisa.yachts,available,1.24,13.97,high,low,5,spaceship,,,28/09/2026 09:35
1a53d08f-d3bb-4227-9c6c-e9c1ad29575a,unsalted.yachts,available,1.8,21.98,medium,low,8,namecheap,,,12/09/2026 18:45
8ab6f099-7c4b-4600-91a0-b63fe430f0f5,gregorian.yachts,available,1.8,19.98,high,low,9,namecheap,,,20/08/2026 19:58
05aef2c4-c914-4b1a-8ba3-82601c3697de,graceful.yachts,available,1.8,19.98,high,low,8,namecheap,,,20/08/2026 17:25
11d67348-50cf-455c-8a25-89e10bb4261b,expire.yachts,available,1.99,,medium,low,6,name.com,,,
c8b1dec6-d561-4997-98a1-a93602f63226,ultrasonic.yachts,available,1.8,21.98,high,low,10,namecheap,,,11/09/2026 22:51
18ead8a0-b49b-4f03-b75f-d3cca2002978,drear.yachts,available,1.8,19.98,medium,low,5,namecheap,,,14/08/2026 11:45
5d4d78ba-7fc3-413c-bb09-b4706db16ee6,vandalism.yachts,available,1.99,,medium,low,9,name.com,,,
5c7e347d-945b-4b7f-b3d5-3535123af422,obliquity.yachts,available,1.8,21.98,medium,low,9,namecheap,,,20/09/2026 18:47
d6ec5164-42a1-42df-b621-8df8a3d10dc0,slaves.yachts,available,1.99,17.29,low,low,6,namesilo,,,27/09/2026 23:05
ead9bd12-e21f-4563-91dd-e17019945183,signed.yachts,available,1.8,19.98,high,low,6,namecheap,,,18/08/2026 22:58
8bb1281c-4d34-487f-9f82-9835d3123f22,porter.yachts,premium,832,832,high,low,6,namesilo,,,28/09/2026 01:41
4326d07d-7c37-4584-8316-bf6b7179bace,methodical.yachts,available,1.8,19.98,high,low,10,namecheap,,,24/08/2026 21:56
9399e1f4-1bc2-41c6-ba71-e68fe7c8f7e3,sanguine.yachts,available,1.8,21.98,high,medium,8,namecheap,,,09/09/2026 19:18
152a2557-0d07-49c8-a14b-9947473cd0b5,vexed.yachts,available,1.8,19.98,medium,low,5,namecheap,,,21/08/2026 00:15
e4526358-7bda-4a5c-944a-38a331f30e12,haiti.yachts,available,,,high,high,5,,,,
953ed5a6-a46c-445f-a016-a097a2b1eae8,uniformly.yachts,available,1.99,17.29,medium,low,9,namesilo,,,16/09/2026 10:05
da2ee65c-2b46-4d11-8624-d3ec94658de3,fungous.yachts,available,1.8,19.98,low,low,7,namecheap,,,18/08/2026 18:30
555a59bb-202b-45ab-8f73-2a87bac7bc22,ancestors.yachts,available,1.8,21.98,medium,low,9,namecheap,,,28/09/2026 08:45
eab4b0fb-7354-4ffa-a3d7-485333c247f4,digging.yachts,available,1.99,17.29,high,low,7,namesilo,,,27/09/2026 13:02
bc636b55-151b-4e0d-b038-5dd83d46115c,dripless.yachts,available,1.8,19.98,medium,low,8,namecheap,,,14/08/2026 19:31
4ee4e9b9-3643-497e-9791-6a52a3742b54,drippy.yachts,available,1.8,19.98,medium,low,6,namecheap,,,09/08/2026 00:32
332f616e-2eff-44e8-a77e-44cf7d7796e8,auspicate.yachts,available,1.8,21.98,medium,low,9,namecheap,,,21/09/2026 03:29
597c6188-51de-43df-9ff5-9e9fa210858b,monitor.yachts,premium,812.5,,high,low,7,name.com,,,
305f0122-7539-47d5-8405-2fb909ee012a,autogeny.yachts,available,1.99,17.29,medium,low,8,namesilo,,,16/09/2026 15:57
8622dab1-8571-40ed-bba0-5d78f9d6249a,ruritanian.yachts,available,1.8,21.98,medium,low,10,namecheap,,,09/09/2026 19:43
e3d25e32-57cf-4a3c-972b-69e86b22ca3d,rack.yachts,available,1.24,13.97,high,low,4,spaceship,,,27/09/2026 15:29
6dda46a3-be07-408b-94f9-f88c87785c7a,pray.yachts,premium,2500,,high,low,4,name.com,,,
d6732e43-9b18-4b72-88b1-38bd770bcd6a,exploited.yachts,available,1.8,21.98,medium,low,9,namecheap,,,08/09/2026 15:46
7f7e5b1b-58c6-4064-9847-6f144f69886f,balding.yachts,available,1.8,19.98,medium,low,7,namecheap,,,08/08/2026 09:35
b0b019d9-252b-4a28-9b7c-03cb21b696da,arnhem.yachts,available,1.99,17.29,medium,low,6,namesilo,,,20/09/2026 08:09
369dc4dd-e3c0-43f2-83ea-0d96353336d9,unbuttoned.yachts,available,1.8,21.98,medium,low,10,namecheap,,,12/09/2026 04:42
dae3699d-15f4-4945-ae6f-28b72aa84cf3,baisa.yachts,available,1.99,20.99,medium,low,5,name.com,,,21/09/2026 19:36
755156d4-b78b-4e54-84b1-0f400d427a32,sse.yachts,available,1.99,17.29,high,low,3,namesilo,,,16/09/2026 05:18
f1328dfe-3b4e-4bf0-94f3-045867d45966,sinkable.yachts,available,1.8,21.98,high,medium,8,namecheap,,,10/09/2026 08:30
4c94b539-4645-4e1f-9a9f-5aaf2391c991,jumentous.yachts,available,1.8,19.98,low,low,9,namecheap,,,22/08/2026 14:21
0f2f21d6-47b1-4ed4-ab00-7fe3e0f6fbd8,where.yachts,available,1.99,,high,low,5,name.com,,,
377f8beb-8539-4318-82ac-b1f3c7268841,economic.yachts,available,1.99,17.29,high,low,8,namesilo,,,24/09/2026 13:22
f8a8d851-3552-4e82-8dec-36a972f1c3a9,ventolin.yachts,available,1.99,17.29,medium,low,8,namesilo,,,18/09/2026 03:33
c394a952-d4e4-4c4b-a532-a0a4666d8d6f,share.yachts,resell,,,high,medium,5,UM Domains Pte. Ltd.,19/01/2026 21:52,19/01/2027 23:59,26/09/2026 08:58
abc989a5-eba1-4468-932d-e1baafab2900,signalize.yachts,available,1.8,21.98,high,medium,9,namecheap,,,10/09/2026 08:01
247c1239-efe6-4934-ad68-ecd24e33b4fa,laugh.yachts,available,1.99,,high,low,5,name.com,,,
849d2821-a44f-4e39-9412-79992ba2cccd,tippytoe.yachts,available,1.8,21.98,medium,low,8,namecheap,,,11/09/2026 16:22
62a315ed-84a2-4573-8bda-0c712ed6303f,least.yachts,available,1.99,17.29,high,low,5,namesilo,,,25/09/2026 13:24
7108bd5a-f933-4282-bdcb-dc997fca54f1,trolling.yachts,available,1.99,,high,low,8,name.com,,,
f3959dea-77fe-46d9-893f-23c2f8d53be1,guardian.yachts,premium,2660,2660,high,medium,8,namesilo,,,28/09/2026 05:31
cec0277a-43cf-4f74-a20e-cec258776c14,sweetie.yachts,available,1.8,21.98,high,low,7,namecheap,,,10/09/2026 19:34
ed311d23-179b-497d-98cc-6004d3c9e277,chargeable.yachts,available,1.8,19.98,medium,low,10,namecheap,,,12/08/2026 02:27
668020cd-ebcd-4892-b926-d2ede5f72f9b,clearance.yachts,available,1.8,21.98,high,low,9,namecheap,,,08/09/2026 08:11
3741592f-9b63-436b-8c80-a1ebb3e8e92d,potter.yachts,premium,672.95,672.95,high,low,6,spaceship,,,27/09/2026 12:23
d927c326-09c8-4355-8e84-9e64589f0669,deafen.yachts,available,1.99,20.99,medium,low,6,name.com,,,13/08/2026 19:44
46c1a239-666e-4f50-83b8-b2c42845be9b,simon.yachts,premium,2660,2660,high,medium,5,namesilo,,,25/09/2026 07:17
4f957dea-0887-4fe8-881e-734a0c0471d9,ghostlike.yachts,available,1.8,19.98,medium,low,9,namecheap,,,06/08/2026 05:23
c18fb532-f2c9-4877-9bd4-35263ddba93c,multitude.yachts,available,1.99,,high,low,9,name.com,,,
6be6caef-e6ab-40ae-865a-c44722ef9cee,limits.yachts,available,1.8,21.98,medium,low,6,namecheap,,,18/09/2026 15:06
9cf76690-d334-42a3-98e3-4ad018b63f73,chamomile.yachts,available,1.99,17.29,high,low,9,namesilo,,,19/09/2026 13:01
6c6d46c6-240b-458e-a4db-10c02f8fcf4d,inrush.yachts,available,1.8,19.98,high,low,6,namecheap,,,22/08/2026 06:17
696457ef-545e-40bb-8341-b7838033d304,lesser.yachts,available,1.8,19.98,medium,low,6,namecheap,,,23/08/2026 00:24
a7ec533a-6ac4-42ec-bc8a-04689ec776f8,shapely.yachts,available,1.8,21.98,high,low,7,namecheap,,,10/09/2026 05:57
e668f8f7-ace7-4b01-bd11-78aef3464cf0,furnishing.yachts,available,1.99,17.29,high,low,10,namesilo,,,28/09/2026 02:47
e455eb93-d14b-4be1-bd68-ff7371789625,nascent.yachts,available,1.8,21.98,medium,low,7,namecheap,,,03/09/2026 13:35
8882205d-7304-46cd-bc3f-cd3487e3b2fc,bordered.yachts,available,1.8,21.98,medium,low,8,namecheap,,,22/09/2026 23:55
f15e443a-bc88-425e-a47e-bff1e9260d4c,mocking.yachts,available,1.8,19.98,medium,low,7,namecheap,,,14/08/2026 02:52
800127f7-ea65-44c1-b373-1e11072297dd,adhere.yachts,available,1.99,17.29,high,low,6,namesilo,,,23/09/2026 17:04
6e26cd2c-52ff-42f0-9e97-2afb8c2aa2c5,harlan.yachts,available,1.99,17.29,medium,low,6,namesilo,,,27/09/2026 08:13
280cfd9e-b9e2-48ba-a4a0-d02a8280bb4e,derived.yachts,available,1.8,19.98,medium,low,7,namecheap,,,14/08/2026 03:07
5c88ca79-f38f-4ca3-b8da-17e073f555d1,confirmation.yachts,available,1.54,14.21,high,low,12,porkbun,,,28/09/2026 04:27
4b09430b-d40a-40ae-8179-d1f1fab255ee,heraldic.yachts,available,1.8,19.98,medium,low,8,namecheap,,,21/08/2026 06:53
d702b6f8-699b-4138-9053-72adca322fc2,avidness.yachts,available,1.8,21.98,medium,low,8,namecheap,,,21/09/2026 09:29
5f9dfcd9-e33b-4b49-bb70-366dda809c8a,southampton.yachts,available,1.99,17.29,high,low,11,namesilo,,,25/09/2026 14:27
168e5cb1-c7f4-41ce-96a7-df08f57ce139,murphy.yachts,premium,845,845,high,low,6,namecheap,,,25/09/2026 07:49
45cf4469-89ab-4707-b2af-14a17f07c0b3,bahaism.yachts,available,1.8,21.98,medium,low,7,namecheap,,,21/09/2026 18:33
062b3e28-7a96-4e8c-a0ad-05953ae9575b,ultimo.yachts,available,1.8,21.98,medium,low,6,namecheap,,,11/09/2026 22:47
d948721a-f634-4aeb-ba30-82a5529eac5a,clutch.yachts,available,1.99,17.29,high,low,6,namesilo,,,28/09/2026 09:23
3a562b94-0698-4143-808f-f9efbc906394,simpler.yachts,available,1.99,,high,low,7,name.com,,,
4ea989b7-1d4f-4698-a54d-77ee54c6bd0f,aestival.yachts,available,1.8,19.98,medium,low,8,namecheap,,,
835074aa-c7b4-4621-8a7e-76204fd3ca59,rostrate.yachts,available,1.8,21.98,high,medium,8,namecheap,,,09/09/2026 18:45
93acd30a-feaa-45f3-9b27-515f51efccf4,had.yachts,available,1.99,15.75,high,low,3,namesilo,,,
ef033ca7-b375-4475-a918-f8206ff99157,scarlett.yachts,premium,812.5,,high,low,8,name.com,,,
d6c3ed49-c641-46ba-8a96-e0dae48cdef4,workfare.yachts,available,1.99,,medium,low,8,name.com,,,
3c8fc18e-2bca-47d3-81a4-a48a08f9aaf3,working.yachts,available,1.99,17.29,high,low,7,namesilo,,,19/09/2026 07:09
a5f2bd6c-070a-44b5-b250-aeaa286e2a0a,agene.yachts,available,1.99,17.29,medium,low,5,namesilo,,,17/09/2026 17:07
31f7b96d-261c-42cb-8724-11bed2ca8e40,unlucky.yachts,available,1.8,19.98,medium,low,7,namecheap,,,21/08/2026 19:11
63186eb7-22ff-4f97-afe9-01a71cc0b064,snaps.yachts,available,1.99,17.29,medium,low,5,namesilo,,,18/09/2026 11:55
c6a05484-3ae3-41e8-8f75-01556cfc6c24,priority.yachts,available,1.99,17.29,high,low,8,namesilo,,,19/09/2026 12:40
f156e9f6-5e48-4780-a75b-fcec970eee81,dip.yachts,available,1.99,17.29,high,low,3,namesilo,,,24/09/2026 10:33
9f4136a6-dd65-4013-8bbf-9e0f97014c8a,ridiculous.yachts,available,1.99,17.29,high,low,10,namesilo,,,24/09/2026 06:27
391fa711-5317-4816-b8ff-3792d28f8847,orphan.yachts,available,1.99,,high,low,6,name.com,,,
74cdf61c-11fc-43a1-a93a-71a1600bd9ae,sophisticated.yachts,available,1.99,,high,low,13,name.com,,,
f9ce5463-8bbc-4161-bfad-6c21fdc7a3b4,baldly.yachts,available,1.8,21.98,medium,low,6,namecheap,,,13/09/2026 23:11
751b4b98-727c-4570-9a3d-ccf34d7893c0,algol.yachts,available,1.99,17.29,medium,low,5,namesilo,,,18/09/2026 07:05
e3dbd6ff-1072-4723-a2d5-5c0660601119,smithsonian.yachts,available,1.99,17.29,high,low,11,namesilo,,,25/09/2026 12:40
5988b03e-1b3d-4078-8fec-611deb73cd74,haircut.yachts,available,1.99,,high,low,7,name.com,,,
a22a340f-9695-4ba6-9739-55ce3fe37a67,delightful.yachts,available,1.99,17.29,high,low,10,namesilo,,,24/09/2026 05:38
46d94b18-63e4-4569-a8a3-e562ba3e8e79,sighted.yachts,available,1.24,13.97,high,low,7,spaceship,,,27/09/2026 21:56
3eca69ff-709e-4754-9b77-93414667d37d,peacemaker.yachts,available,1.99,17.29,high,low,10,namesilo,,,24/09/2026 10:53
d059c09e-7e29-4550-b735-5079cfdd2211,antigen.yachts,available,1.99,17.29,high,low,7,namesilo,,,19/09/2026 14:24
ca46fc0a-82a5-4fac-93f8-be971d5e0e64,artois.yachts,available,1.99,17.29,medium,low,6,namesilo,,,20/09/2026 12:02
a04f2def-dd28-466d-8cc6-a71f73cffb6a,rod.yachts,available,1.99,,high,low,3,name.com,,,
d28f000f-696c-4145-9f52-a59d968b59fe,appetite.yachts,available,1.8,21.98,high,low,8,namecheap,,,19/09/2026 20:41
2a1dc7a9-2788-4978-95f3-a0bf5abe865d,cynicism.yachts,available,1.8,21.98,medium,low,8,namecheap,,,24/09/2026 20:49
99ffedc6-3c6e-499d-be95-8fac8d2b7b35,corbett.yachts,available,1.8,21.98,high,low,7,namecheap,,,27/09/2026 03:35
1d87e669-504a-4f1b-8684-5e8d969a64ae,wiggler.yachts,available,1.99,17.29,medium,low,7,namesilo,,,19/09/2026 06:38
00723741-8ba4-4e6e-919e-ca8e4a3c737a,livable.yachts,available,1.8,19.98,high,low,7,namecheap,,,24/08/2026 07:42
3d0add01-a74e-491b-89ae-dbacb56806e5,lxvii.yachts,available,1.8,19.98,medium,low,5,namecheap,,,
6a72e42f-2f62-49fa-ad3d-745bc821a754,panoplied.yachts,available,1.8,19.98,medium,low,9,namecheap,,,06/08/2026 21:42
6c58ed1c-093c-4f18-9180-0ac61fa69129,citified.yachts,available,1.8,19.98,medium,low,8,namecheap,,,12/08/2026 08:47
1008b120-41f7-460f-8e70-b9335a59129f,socioeconomic.yachts,available,1.99,17.29,medium,low,13,namesilo,,,16/09/2026 12:07
34b3f0c1-0210-4889-94a4-3fa50b9ff6ef,bodily.yachts,available,1.8,19.98,medium,low,6,namecheap,,,10/08/2026 16:52
0f039c7a-0b2a-4ad5-9479-fd07941210c5,gloved.yachts,available,1.8,19.98,medium,low,6,namecheap,,,20/08/2026 14:52
0bf00fd0-3f7e-48af-9b84-56e6a19d17d8,raisable.yachts,available,1.8,21.98,high,medium,8,namecheap,,,09/09/2026 09:51
45930228-8fbc-476c-91c6-5565e454bc98,rustle.yachts,available,1.8,21.98,high,low,6,namecheap,,,13/09/2026 11:37
4bd86805-38b5-45e9-b45e-c60ee5a4f694,bicycles.yachts,available,1.99,20.99,medium,low,8,name.com,,,18/09/2026 23:48
a75748a8-1121-434a-8417-2ca4890289f0,adder.yachts,available,1.99,17.29,medium,low,5,namesilo,,,17/09/2026 06:46
84695387-5914-4563-bad6-1f2c65daf0fe,bronte.yachts,available,1.99,17.29,medium,low,6,namesilo,,,19/09/2026 10:16
786e143d-f281-4e8c-9ba6-b4a401c3cdab,obscure.yachts,available,1.8,19.98,high,low,7,namecheap,,,05/08/2026 21:59
0f7f70bd-c6bb-43c2-867f-085e5152abf1,circulation.yachts,available,1.24,13.97,medium,low,11,spaceship,,,28/09/2026 08:15
fe9caa4e-b4b0-48fc-ba55-27cbf042ea1c,confines.yachts,available,1.8,21.98,high,low,8,namecheap,,,24/09/2026 17:13
0084c7b5-7dfa-4901-a0c0-84bfa1914a93,tortuous.yachts,available,1.8,21.98,medium,low,8,namecheap,,,11/09/2026 18:01
269e27f9-812b-4eae-b47c-2fc4eb291d7a,incursive.yachts,available,1.8,19.98,medium,low,9,namecheap,,,22/08/2026 02:09
2ffab587-fe1a-439d-8a02-52c6ca927f0a,simony.yachts,available,1.99,17.29,medium,low,6,namesilo,,,22/09/2026 08:05
98064d71-fcea-433a-8e03-8b84c2b589df,bidet.yachts,available,1.99,17.29,high,low,5,namesilo,,,23/09/2026 13:46
290e1ac7-6551-435a-89dd-33222c8cae1b,moderately.yachts,available,1.99,17.29,medium,low,10,namesilo,,,25/09/2026 12:00
6871d118-82f8-47ce-b895-cc975c4da5d1,hindrance.yachts,available,1.8,19.98,medium,low,9,namecheap,,,14/08/2026 04:50
dd1a307f-e5ce-46c9-ab18-99b7aecfe21b,stratford.yachts,available,1.99,17.29,medium,low,9,namesilo,,,25/09/2026 14:45
af13126b-27db-417a-99af-64360a169dca,adventism.yachts,available,1.99,17.29,medium,low,9,namesilo,,,17/09/2026 10:32
d48c34f1-e76d-4bdc-b08f-bbf775b1b301,ductile.yachts,available,1.8,19.98,medium,low,7,namecheap,,,14/08/2026 20:50
02bffca4-e6fa-4ce3-946f-2766a56e1a4c,autogenic.yachts,available,1.8,19.98,medium,low,9,namecheap,,,07/08/2026 20:21
6f33fc46-1431-4837-8fb3-f1f12d1d705a,caustic.yachts,available,1.8,19.98,medium,low,7,namecheap,,,
d46ffbee-5819-4ffa-8f59-956cd984a721,fur.yachts,available,1.8,21.98,high,low,3,namecheap,,,27/09/2026 04:05
bc68eee1-f559-4f09-a6a0-e5d0b659993f,thereabout.yachts,available,1.99,17.29,medium,low,10,namesilo,,,16/09/2026 08:39
581976b2-261a-4cac-91ec-55ef9ff8280b,cent.yachts,available,1.8,21.98,high,low,4,namecheap,,,08/09/2026 08:07
08d20d3b-1bee-4747-a230-a988415f69cf,league.yachts,available,1.99,,high,low,6,name.com,,,
e5d4c3f4-7cc3-4041-96da-847dff05ebb0,allophone.yachts,available,1.8,21.98,medium,low,9,namecheap,,,18/09/2026 12:02
78940bf5-2a81-43ae-a6ce-9d50c6193c5e,subscribed.yachts,available,1.8,21.98,high,low,10,namecheap,,,11/09/2026 00:41
93e967f9-fdfc-405a-b9a5-9bb9926bc513,lusty.yachts,available,1.8,19.98,high,low,5,namecheap,,,12/08/2026 20:20
12ef31ea-0895-430e-869c-6d74e8ea5147,migratory.yachts,available,1.8,19.98,medium,low,9,namecheap,,,24/08/2026 22:49
3b981e15-bd9a-4768-a2b7-2885bcd49a9f,bessie.yachts,available,1.24,13.97,medium,low,6,spaceship,,,28/09/2026 03:55
3b9165ed-b387-4ded-8bcd-1b6cf650f60d,briefs.yachts,available,1.99,,high,low,6,name.com,,,
96993bcf-23d6-4845-bb51-e563531c2f2e,autogiro.yachts,available,1.8,21.98,medium,low,8,namecheap,,,21/09/2026 06:22
095a2dfc-0bfe-4052-9ead-a8fc46c6c356,loads.yachts,available,1.99,,high,low,5,name.com,,,
c526ee29-9fd1-4449-b5ff-40dab402cb67,tyrannical.yachts,available,1.8,19.98,medium,low,10,namecheap,,,07/08/2026 19:12
5c98654b-9cfb-4ab9-9112-91d87a0f5cf5,rhenium.yachts,available,1.8,21.98,medium,low,7,namecheap,,,20/09/2026 23:48
22c15087-8bc9-428c-954c-f42e8bd69349,pipes.yachts,available,1.99,14.45,high,low,5,dynadot,,,27/09/2026 22:20
a9c0137e-c550-47d1-b006-0085ce90ea1f,underwear.yachts,premium,2500,,high,low,9,name.com,,,
7be85fe4-417b-494f-931b-e23f903d89e0,claxon.yachts,available,1.99,17.29,medium,low,6,namesilo,,,23/09/2026 01:29
6356872f-6173-404b-90b5-aaa4c6f9f428,exceed.yachts,resell,,,high,low,6,"GoDaddy.com, LLC",08/09/2026 06:44,08/09/2027 23:59,26/09/2026 05:56
83ec6a6e-c182-4a3d-8e01-884f6741223d,fortunate.yachts,available,1.8,19.98,high,low,9,namecheap,,,18/08/2026 12:47
752aea0c-b71e-4410-834f-43c1f7e68307,liberties.yachts,available,1.8,21.98,medium,low,9,namecheap,,,18/09/2026 04:52
768ca087-a59a-4767-9bdb-1c76bee1c9e3,pursy.yachts,available,1.8,21.98,high,medium,5,namecheap,,,09/09/2026 06:28
2f83bd5d-cd1f-4547-984e-6dd0e8a43ff6,taiwan.yachts,available,,,high,high,6,,,,
f7e76eab-4e5c-4a34-bc85-a786c691fc6d,honeymooning.yachts,available,1.99,20.99,high,low,12,name.com,,,21/09/2026 06:04
b16eea6d-1df4-4618-8ded-8d32e4237853,captive.yachts,available,1.8,19.98,high,low,7,namecheap,,,
a2dc691f-9898-451c-a0cd-174df04f38c7,lives.yachts,available,1.8,21.98,high,low,5,namecheap,,,18/09/2026 05:57
cb84cacb-62d5-40b2-929b-67fd6b00455e,temp.yachts,available,1.8,21.98,high,low,4,namecheap,,,11/09/2026 11:02
b948832f-a97e-4dca-b1a5-7710a509158e,grace.yachts,premium,845,845,high,medium,5,namecheap,,,24/09/2026 21:11
8218032b-70fc-45b5-a324-4401f7af25c8,sagely.yachts,available,1.8,21.98,medium,low,6,namecheap,,,16/09/2026 00:31
27fd97de-7377-434b-92a7-242b3dde3562,indate.yachts,available,1.99,,medium,low,7,name.com,,,
914f745a-acec-4f85-86b0-c9e88c68dd5f,alarmingly.yachts,available,1.8,21.98,low,low,10,namecheap,,,13/09/2026 18:33
172a2129-9510-47ae-84a7-77e3b3e5908b,zaire.yachts,available,1.99,17.29,high,medium,5,namesilo,,,23/09/2026 04:58
ceca342a-b184-4abc-a0ae-435e74d9d41c,denise.yachts,premium,832,832,medium,low,6,namesilo,,,25/09/2026 14:19
716b8f52-c02d-4823-9352-a2fbfdc9d79b,jadestone.yachts,available,1.8,19.98,medium,low,9,namecheap,,,22/08/2026 11:54
cc02ae5f-74e7-44ff-8680-989d7cd2518c,languages.yachts,available,1.8,19.98,medium,low,9,namecheap,,,
4240496e-2d07-46a9-84d8-50f66edf5a83,unanimous.yachts,available,1.8,19.98,high,low,9,namecheap,,,12/08/2026 22:33
4184af83-0689-4c6c-8424-3cb6ae20d49f,catechetic.yachts,available,1.8,19.98,medium,low,10,namecheap,,,11/08/2026 21:25
21591a20-d6dd-4139-988a-234f6e6e3f14,antabuse.yachts,available,1.99,17.29,medium,low,8,namesilo,,,19/09/2026 12:24
db0253da-1386-479d-8e30-7abdeb49254e,sincere.yachts,available,1.99,17.29,high,low,7,namesilo,,,24/09/2026 13:03
85857b9b-6f1a-49be-80dd-4fc4e87f3a27,included.yachts,available,1.8,19.98,high,low,8,namecheap,,,22/08/2026 01:33
c71fe27a-21ea-411f-9bfc-f381bc5c97e6,colleagues.yachts,available,1.99,17.29,medium,low,10,namesilo,,,18/09/2026 23:15
6380bbe5-8915-4e0f-b89d-9565d02e8f9d,inevitable.yachts,available,1.99,17.29,high,low,10,namesilo,,,25/09/2026 09:24
593f591e-00a2-40cc-a904-1e6ac8ffe927,honorable.yachts,available,1.8,19.98,high,low,9,namecheap,,,21/08/2026 13:21
da339945-4e4c-458d-a40b-67a61aa9851e,scarface.yachts,available,1.99,,high,low,8,name.com,,,
443b0dd0-261d-4d18-84e1-dbbcf3fe65c1,petite.yachts,available,1.8,19.98,medium,low,6,namecheap,,,08/08/2026 14:24
6b13b81d-26e4-4413-9085-2bcadf43655c,bunker.yachts,premium,2183.84,2183.84,high,low,6,porkbun,,,28/09/2026 05:21
f96ee936-81f5-4344-8509-393b06e65522,anecdotist.yachts,available,1.99,17.29,medium,low,10,namesilo,,,19/09/2026 05:08
7c0295c3-faa8-439d-bbc7-3c11ed34af18,exodus.yachts,available,1.99,17.29,high,low,6,namesilo,,,24/09/2026 06:52
21da52ea-bfaa-4964-a60b-ab618d05bcad,tantalize.yachts,available,1.8,21.98,medium,low,9,namecheap,,,21/09/2026 19:52
02ff5a01-e1d1-417a-862f-082ffb8239e6,ang.yachts,available,1.99,20.99,high,low,3,name.com,,,17/09/2026 22:42
353abbda-3910-49df-aefd-5e6aa8106c62,austen.yachts,available,1.99,17.29,high,low,6,namesilo,,,21/09/2026 04:37
95766a58-7226-4a08-8ed9-0acc7489ad95,ovens.yachts,available,1.99,17.29,medium,low,5,namesilo,,,20/09/2026 10:00
03644328-4d11-4b97-becc-2ae526ef0ee9,photocopying.yachts,available,1.99,17.29,medium,low,12,namesilo,,,20/09/2026 03:35
018a9b01-b8b4-4977-a08a-6e23654833da,cosher.yachts,available,1.8,19.98,medium,low,6,namecheap,,,13/08/2026 02:47
19fac668-70d8-48ff-9b03-cae39854657f,obnubilate.yachts,available,1.8,21.98,medium,low,10,namecheap,,,03/09/2026 23:55
38d30aca-a362-41d2-9149-0a384c2f1bb3,effluent.yachts,available,1.8,19.98,medium,low,8,namecheap,,,15/08/2026 14:47
40236c2c-380a-4706-8627-f45bdb16cba9,faux.yachts,available,1.8,19.98,high,low,4,namecheap,,,18/08/2026 00:12
f7496669-77fc-4cd6-b38e-26280f3451b3,kathleen.yachts,premium,832,832,high,low,8,namesilo,,,25/09/2026 14:34
932757f8-18d9-44e2-b0a2-62f03a13d012,beguiled.yachts,available,1.8,19.98,medium,low,8,namecheap,,,09/08/2026 09:46
718d0bbe-e9e6-4472-ad17-951779bce2aa,ron.yachts,available,1.99,17.29,high,low,3,namesilo,,,25/09/2026 00:25
73d4f622-5f59-47ca-8ccf-6b2904268d2c,kiev.yachts,available,1.99,,high,low,4,name.com,,,
a413943b-3f38-4817-83f9-780a38736b76,iris.yachts,available,1.99,17.29,high,medium,4,namesilo,,,28/09/2026 01:54
c5989792-c308-4c58-8f38-9a0b2b2936d6,batwing.yachts,available,1.8,19.98,medium,low,7,namecheap,,,09/08/2026 01:49
0b43d4ea-fbd1-4e3f-8bee-26948d9d1801,zoo.yachts,available,1.99,17.29,high,low,3,namesilo,,,26/09/2026 00:33
98e56524-e341-4089-b402-61a49879cbc3,roberta.yachts,available,1.8,21.98,high,low,7,namecheap,,,28/09/2026 03:52
f012e76a-3810-43d3-8777-9b0362d0c55a,ambitions.yachts,available,1.8,21.98,medium,low,9,namecheap,,,20/09/2026 04:21
c37bb4ee-17fa-4336-8b77-cc2e4d73f6c6,binate.yachts,available,1.8,19.98,medium,low,6,namecheap,,,09/08/2026 23:39
3ef004fd-42e7-4115-9b04-d35da3ee18b9,written.yachts,available,1.99,17.29,high,low,7,namesilo,,,27/09/2026 18:44
af8ac216-fa9e-412a-b4a1-799976dd3cca,scare.yachts,available,1.99,17.29,high,low,5,namesilo,,,17/09/2026 14:51
0c5e1e9c-88d8-46d7-bde6-5b92b141836d,longlasting.yachts,available,1.99,,high,low,12,name.com,,,
b7117648-24c3-40f9-8699-9da246295602,deprived.yachts,available,1.8,19.98,medium,low,8,namecheap,,,14/08/2026 02:45
6bdc085c-2dc0-407f-89a2-91d0056150eb,doubled.yachts,available,1.8,19.98,high,low,7,namecheap,,,14/08/2026 16:55
7a87231d-c966-4018-a325-7eeb75d7d017,barbeque.yachts,available,1.99,15.75,high,low,8,namesilo,,,
c28b6322-a475-473d-87f1-02cfd3a23b2a,bahai.yachts,available,1.8,19.98,high,low,5,namecheap,,,08/08/2026 08:27
3aa02234-a98d-41cf-a610-f434ff1480df,emile.yachts,available,1.24,13.97,medium,low,5,spaceship,,,27/09/2026 13:23
c94a5a48-9a59-4de9-b4b5-9f5c291327ad,alkanet.yachts,available,1.8,21.98,medium,low,7,namecheap,,,18/09/2026 08:26
59055aa5-36b7-4b17-9854-777524e4a122,polygenic.yachts,available,1.8,21.98,medium,low,9,namecheap,,,08/09/2026 23:15
46392c0a-cf13-4e8b-825b-52e5e0a937a7,action.yachts,available,1.8,21.98,high,medium,6,namecheap,,,28/09/2026 02:43
ec4ef1df-5a7c-46dd-901e-4312279907df,edamame.yachts,available,1.99,17.29,high,low,7,namesilo,,,20/09/2026 02:22
765e4fed-13ba-44b5-83c0-db7f116fad9e,obnoxious.yachts,available,1.8,21.98,medium,low,9,namecheap,,,03/09/2026 23:32
587584cf-d1c3-4744-92a8-5f3ae8cae84c,sycophant.yachts,available,1.99,17.29,medium,low,9,namesilo,,,20/09/2026 15:34
dafc1c4e-5d98-40a6-b603-09dac3d61f0c,sluttish.yachts,available,1.8,19.98,medium,low,8,namecheap,,,10/08/2026 15:45
8a39bce8-f9d2-4b55-b6c4-e4247aa047ef,dazzlingly.yachts,available,1.8,21.98,medium,low,10,namecheap,,,14/09/2026 10:58
cf7b3401-2c4a-4a8d-8393-f47d4f87f310,meredith.yachts,premium,2660,2660,high,low,8,namesilo,,,25/09/2026 06:29
f072d335-57ed-4713-9fae-8b795888c6c2,sibilant.yachts,available,1.8,19.98,medium,low,8,namecheap,,,12/08/2026 23:18
72e6bc4b-4d05-4c68-8072-1c4c1a1a25c4,tim.yachts,available,1.99,17.29,high,medium,3,namesilo,,,25/09/2026 11:26
cf1f7461-1e6f-4c92-9f91-b11d8722d33c,condiment.yachts,available,1.99,15.75,high,low,9,namesilo,,,
2553b2a0-9d9b-44b9-86ab-15d4047f0653,mentioning.yachts,available,1.8,21.98,medium,low,10,namecheap,,,17/09/2026 21:20
d4ff4666-7aab-4789-9474-c02a73df988a,mammary.yachts,available,1.8,19.98,medium,low,7,namecheap,,,24/08/2026 14:23
a832b94e-621a-4c11-8399-d6f7a0aae680,shorthand.yachts,available,1.8,21.98,high,medium,9,namecheap,,,10/09/2026 06:49
0995d960-49ab-4d59-935c-330cafede14c,automatically.yachts,available,1.24,13.97,medium,low,13,spaceship,,,28/09/2026 07:07
f475f1a0-036f-4fd4-a120-5eb90a06fae0,lag.yachts,available,1.99,17.29,high,low,3,namesilo,,,25/09/2026 10:16
30d4b658-7e76-402d-bf75-1256dab72fc3,dormy.yachts,available,1.8,19.98,medium,low,5,namecheap,,,14/08/2026 16:22
cf1b9f01-ec8c-4968-b8d5-ef487598645d,vice.yachts,premium,2500,,high,low,4,name.com,,,
be14ed3c-d704-413d-9359-169909406681,rimed.yachts,available,1.8,21.98,medium,low,5,namecheap,,,09/09/2026 17:39
1cf47fe4-c832-428f-8b46-ca2fcfe90339,ache.yachts,available,1.8,19.98,medium,low,4,namecheap,,,
245fced0-b85b-4172-a17e-734fa4e923c8,catkin.yachts,available,1.8,21.98,medium,low,6,namecheap,,,18/09/2026 18:54
38e73c52-7a60-4152-be3e-9541f4384e11,striking.yachts,available,1.99,17.29,high,low,8,namesilo,,,27/09/2026 07:25
12916d96-66b9-4c39-b38a-8b485aac936c,characteristics.yachts,available,1.99,15.75,medium,low,15,namesilo,,,
2c46e034-9487-4e8b-b3d4-988a4de031c1,ferrari.yachts,premium,2600,2600,high,high,7,namecheap,,,28/09/2026 03:37
6f83b1ec-8f2b-4aaf-9445-fd494140a052,newsstand.yachts,available,1.99,17.29,medium,low,10,namesilo,,,17/09/2026 05:46
9ba7360c-33dc-46c0-b37f-1c05e077d9c3,lammas.yachts,available,1.99,17.29,medium,low,6,namesilo,,,21/09/2026 03:43
6e955625-f942-45da-900c-87f3428c4422,debar.yachts,available,1.99,17.29,medium,low,5,namesilo,,,22/09/2026 03:43
45a87d48-5f1d-4126-9aca-5fea0ac2c081,beetle.yachts,available,1.8,19.98,high,low,6,namecheap,,,09/08/2026 08:17
f453702d-3a36-402e-a63d-cf9bad21cdd3,scrubbed.yachts,available,1.54,14.21,medium,low,8,porkbun,,,27/09/2026 18:56
c3ef1fc2-b0f1-426e-ac6e-4fabfc52404c,medium.yachts,premium,2600,2600,high,low,6,namecheap,,,28/09/2026 03:02
7cb5a504-f338-48fc-9a18-272145d706f0,possibility.yachts,available,1.99,17.29,high,low,11,namesilo,,,25/09/2026 16:40
ffcab4cf-e34b-4ed0-8878-855709f38212,gossamer.yachts,available,1.8,19.98,medium,low,8,namecheap,,,12/08/2026 14:32
40e087c6-11fa-409d-93f9-679e79e67709,poison.yachts,available,1.8,21.98,high,low,6,namecheap,,,11/09/2026 18:25
61235df9-7977-45bb-839e-b7a928860f9d,advertisements.yachts,available,1.99,,medium,low,14,name.com,,,
e0c7a2ae-3ccf-4344-9b21-4c062057bb6e,uniform.yachts,available,1.99,17.29,high,low,7,namesilo,,,19/09/2026 05:41
0dba9b18-2f1f-4bad-bbfe-abdbbc2cb92a,helmet.yachts,available,1.99,17.29,high,low,6,namesilo,,,25/09/2026 23:05
efd58f29-7f14-461f-9355-397fc840bdf0,acetyl.yachts,available,1.99,17.29,medium,low,6,namesilo,,,17/09/2026 00:19
a5c081f9-6f0c-4071-a6ff-5aac840a26d9,paperwork.yachts,resell,,,high,low,9,,,,28/09/2026 02:53
cdfa4e8f-685f-4714-8ea0-96a9d15a2c21,serenely.yachts,available,1.8,21.98,high,low,8,namecheap,,,16/09/2026 01:06
f76e5e37-7075-4857-8b8b-e993324dd679,fingered.yachts,available,1.8,19.98,medium,low,8,namecheap,,,18/08/2026 04:53
5ea18ef8-bb9c-42e0-8ff0-8220a7aed46b,acropetal.yachts,available,1.8,19.98,medium,low,9,namecheap,,,
71474972-5887-4e70-a45d-0161aaa5bb95,unabashed.yachts,available,1.8,21.98,medium,low,9,namecheap,,,11/09/2026 23:19
e9e2b121-0b10-405b-b39d-68e9141c2e71,reunions.yachts,available,1.99,17.29,medium,low,8,namesilo,,,21/09/2026 08:16
3f23d343-bf79-4add-8b74-2949d757882b,substrates.yachts,available,1.8,21.98,medium,low,10,namecheap,,,25/09/2026 21:45
65e88a8f-e239-4632-869a-bf4fdf629ecf,panic.yachts,available,1.99,,high,low,5,name.com,,,
18dddaef-e052-4642-8988-f70ab89eab06,depends.yachts,available,1.8,21.98,medium,low,7,namecheap,,,25/09/2026 20:36
f8594269-860c-4062-a67a-c957f10dccb7,stabilized.yachts,available,1.8,21.98,medium,low,10,namecheap,,,10/09/2026 17:54
858abdfe-151e-42e2-8335-6a5ef357c801,boring.yachts,available,1.8,21.98,high,low,6,namecheap,,,23/09/2026 00:20
b0f16257-4602-4cf3-ae23-e6cd2699519a,agamic.yachts,available,1.8,19.98,medium,low,6,namecheap,,,
18fc92cb-2534-426e-96c0-22b821c0dbed,acrolein.yachts,available,1.99,17.29,medium,low,8,namesilo,,,17/09/2026 03:46
f4f6ea7e-819c-48bf-96f6-b481e3b7bd20,artisan.yachts,available,1.8,21.98,high,low,7,namecheap,,,20/09/2026 11:51
91228e0b-92de-49dd-8c1c-48362cdbdd05,centre.yachts,available,1.99,17.29,high,low,6,namesilo,,,23/09/2026 13:22
5585be6e-0a3c-4c59-b996-2550bb92f570,chambers.yachts,premium,812.5,,high,low,8,name.com,,,
94d30ec4-5756-43e8-994c-6cbd226861e0,grave.yachts,available,1.8,19.98,high,low,5,namecheap,,,20/08/2026 18:38
75485c13-d047-4f18-806b-55b24403db56,cloze.yachts,available,1.8,19.98,medium,low,5,namecheap,,,12/08/2026 12:54
43021a92-763a-47cf-a43f-d3823b8280ee,turbulent.yachts,available,1.8,19.98,medium,low,9,namecheap,,,14/08/2026 12:26
b922ae9a-b9c4-4169-8803-b315933e7486,bollard.yachts,available,1.99,17.29,high,low,7,namesilo,,,23/09/2026 22:48
a161c5d1-f083-43c9-9ea2-cc39441cedc5,abject.yachts,available,1.8,19.98,medium,low,6,namecheap,,,
fc940c47-7750-483a-a975-ea72585570a6,guiltless.yachts,available,1.8,19.98,high,low,9,namecheap,,,12/08/2026 10:18
a492e346-1155-4aa2-aa0f-e19b600ce7e2,boxers.yachts,available,1.99,,high,low,6,name.com,,,
bbeb0072-cf9e-45b9-a638-9fb6f283fcc9,eats.yachts,available,1.99,17.29,high,low,4,namesilo,,,24/09/2026 14:57
a2085837-569a-4485-bb44-c0fd0286bc46,playground.yachts,available,1.99,17.29,high,medium,10,namesilo,,,28/09/2026 02:56
6db5827d-0e1c-4de3-a4bf-8b2b02b97ac8,colourful.yachts,available,1.8,19.98,high,low,9,namecheap,,,12/08/2026 17:51
32083b59-fc78-45ea-a562-7f2476a5314e,countable.yachts,available,1.8,19.98,high,low,9,namecheap,,,13/08/2026 03:28
599a6d8c-de21-4435-bfc0-4e369272bc49,doings.yachts,available,1.99,17.29,medium,low,6,namesilo,,,23/09/2026 03:17
f67662e5-87c0-4a59-9c70-0d8a5a2981b5,berit.yachts,available,1.99,17.29,high,low,5,namesilo,,,23/09/2026 09:27
6687f4c0-0e5d-4247-ab64-3636c1a5f068,accepted.yachts,available,1.99,17.29,high,low,8,namesilo,,,21/09/2026 15:25
cd5cb4a4-b547-4c30-8a48-ab43f0b21f77,gordon.yachts,premium,832,832,high,low,6,namesilo,,,25/09/2026 11:43
81635965-20a8-48ee-b03f-0bd53d4890ed,shrewdly.yachts,available,1.8,21.98,medium,low,8,namecheap,,,13/09/2026 22:22
be4817d1-0e31-418a-ae5f-cd818aa64380,helmholtz.yachts,available,1.8,21.98,high,low,9,namecheap,,,22/09/2026 07:07
1a09eb7c-7754-4028-9cc8-16ffa435c2aa,postscript.yachts,available,1.99,17.29,high,low,10,namesilo,,,17/09/2026 06:45
55082b24-e887-4418-866c-651fd15a6fa1,beech.yachts,available,1.99,17.29,high,low,5,namesilo,,,23/09/2026 00:02
ac83a6b0-d1dc-4499-8b6e-6c0037095445,streisand.yachts,available,1.99,17.29,high,low,9,namesilo,,,22/09/2026 05:03
f6414eb3-17fa-44ec-903b-fbf7cedc1c30,whence.yachts,available,1.99,17.29,medium,low,6,namesilo,,,16/09/2026 11:28
0ca9311a-1300-41ca-82d2-dd7bf7139bcc,acrimony.yachts,available,1.99,17.29,medium,low,8,namesilo,,,17/09/2026 03:09
de292a49-244a-4573-a7c1-d4c04dc080b0,smasher.yachts,available,1.8,19.98,high,low,7,namecheap,,,22/08/2026 16:38
a114b486-9c6c-453b-8630-043265e8d198,delay.yachts,available,1.99,15.75,high,low,5,namesilo,,,
88a355ee-08a5-4041-b5af-b2373ea92116,otic.yachts,available,1.8,19.98,medium,low,4,namecheap,,,07/08/2026 17:41
6862899d-fbcc-4533-9ac0-44cca3241cd9,congestion.yachts,available,1.99,15.75,medium,low,10,namesilo,,,
4747c052-1660-41ff-acb1-b11d6286ba8d,pamela.yachts,premium,812.5,,high,low,6,name.com,,,
447b0851-abc7-46c7-9fc0-3741ad35e150,cyan.yachts,available,1.99,17.29,high,low,4,namesilo,,,22/09/2026 22:59
3bc6a83b-b875-44b7-8ac6-b8179224f387,antiviral.yachts,available,1.8,19.98,high,low,9,namecheap,,,05/08/2026 20:06
ef4beceb-9caf-425d-8787-179ce592a19f,warden.yachts,available,1.99,17.29,high,low,6,namesilo,,,27/09/2026 16:17
ac28d862-ae8b-4172-8ce4-ae9186b152f7,decided.yachts,available,1.8,19.98,high,low,7,namecheap,,,13/08/2026 21:20
d3bcc71a-0d55-488b-badb-e4cdd96a3fa9,pitahaya.yachts,available,1.99,17.29,medium,low,8,namesilo,,,16/09/2026 20:46
bb1f9947-c19f-42b3-9419-0eddfeaa1c6b,fairness.yachts,available,1.8,21.98,high,low,8,namecheap,,,22/09/2026 22:20
a2482f32-55c0-440d-97e0-ceaf6d889bb1,supports.yachts,available,1.99,17.29,medium,low,8,namesilo,,,17/09/2026 06:20
eb241e7c-6460-4ec6-804a-830a148f6975,allopathic.yachts,available,1.8,19.98,medium,low,10,namecheap,,,
d3fa533a-54c3-4286-a391-ecffb9e4b073,garfish.yachts,available,1.99,17.29,medium,low,7,namesilo,,,23/09/2026 16:11
4edc5bf2-de53-4986-bdac-2322520100bf,cyclonic.yachts,available,1.99,20.99,medium,low,8,name.com,,,13/08/2026 13:42
89a2e47d-41f5-455a-8501-ef5b9ff3091f,weakly.yachts,available,1.99,20.99,medium,low,6,name.com,,,13/08/2026 20:38
8ce96687-57e6-41f6-be30-54dbea48f51e,bipartisan.yachts,available,1.8,19.98,high,low,10,namecheap,,,10/08/2026 04:32
5e1e0a9a-eac0-4fac-a54f-6b54340dc092,honestly.yachts,available,1.8,19.98,high,low,8,namecheap,,,
e651a8a3-e8d3-452d-a51a-722d5305e196,chill.yachts,available,1.99,17.29,high,low,5,namesilo,,,23/09/2026 23:04
22300b3c-0942-4212-ad95-f84d12057a22,stayed.yachts,available,1.99,17.29,medium,low,6,namesilo,,,27/09/2026 02:56
6aeba884-7ffb-4e2f-9af1-601083dffbd1,suck.yachts,premium,2500,,high,low,4,name.com,,,
0a7a2d8c-f7e9-4a71-9136-8b364a14fe8d,devil.yachts,available,1.99,17.29,medium,low,5,namesilo,,,23/09/2026 01:20
4149bc66-46b8-4679-9bf8-fe27c6e5baac,aeroplane.yachts,available,1.8,21.98,high,low,9,namecheap,,,08/09/2026 20:39
3d85ce20-2a60-4545-b42b-9715fec8f7d8,versed.yachts,available,1.8,21.98,high,low,6,namecheap,,,13/09/2026 04:29
409ed6e3-f146-4444-bf6c-e5f18436557a,taped.yachts,available,1.8,21.98,medium,low,5,namecheap,,,11/09/2026 08:15
013aa262-1eb0-4bc2-807e-9e7f452d88ed,consulate.yachts,available,1.8,21.98,high,low,9,namecheap,,,24/09/2026 17:37
478511b7-c154-4d6e-97d6-82411c618ade,adele.yachts,premium,2183.84,2183.84,high,low,5,porkbun,,,28/09/2026 03:38
76f6d125-0e1f-4e42-9036-394a92b08c9e,unafraid.yachts,available,1.8,21.98,high,low,8,namecheap,,,10/09/2026 01:28
34263de8-dfd3-416a-917d-7874f6d90943,leaden.yachts,available,1.8,19.98,medium,low,6,namecheap,,,22/08/2026 21:44
9519413c-a7b9-41b8-9aaa-35ccc898b78f,successive.yachts,available,1.8,21.98,high,low,10,namecheap,,,10/09/2026 04:29
f497ea40-bc61-4c6a-bd58-f93ea15f34dd,wrist.yachts,available,1.99,,high,low,5,name.com,,,
f084f4e9-f2db-422b-a904-f190d7536b13,outdo.yachts,available,1.8,19.98,medium,low,5,namecheap,,,09/08/2026 17:43
1d284bc7-a41e-4bfd-a057-b84263758ac8,merged.yachts,available,1.8,19.98,high,low,6,namecheap,,,22/08/2026 01:59
de06ff3d-36bc-4802-b988-0d0793309c17,blunt.yachts,available,1.99,17.29,high,low,5,namesilo,,,22/09/2026 23:15
545ab362-7562-43c9-b975-b0bc7dfd17bb,resolvable.yachts,available,1.99,17.29,high,low,10,namesilo,,,27/09/2026 12:20
a605871c-206a-4257-a1b6-cb3b7279b22b,arrange.yachts,available,1.99,17.29,high,low,7,namesilo,,,25/09/2026 22:15
de17c943-34b2-445d-804b-8f777a74da52,gloriously.yachts,available,1.8,21.98,high,low,10,namecheap,,,14/09/2026 21:45
518b99c1-63c6-4a06-b659-63fba3655956,theoretic.yachts,available,1.8,21.98,medium,low,9,namecheap,,,11/09/2026 12:54
091a716c-5c84-41df-be63-1e78b66c4334,cometary.yachts,available,1.8,19.98,medium,low,8,namecheap,,,12/08/2026 18:56
246400a3-1c56-40c6-8b87-7ecfc477daad,shopkeeper.yachts,available,1.24,13.97,high,low,10,spaceship,,,28/09/2026 02:48
faa03f47-005c-4317-8834-b5c1246901f9,hesperides.yachts,available,1.8,21.98,medium,low,10,namecheap,,,20/09/2026 21:44
2c61a930-9ffc-4298-a130-aa2fcaf04a18,khartoum.yachts,available,1.99,17.29,medium,low,8,namesilo,,,24/09/2026 12:25
37d38a9a-b9e2-42e9-a296-fc58521c51e3,neurotic.yachts,available,1.8,21.98,medium,low,8,namecheap,,,03/09/2026 16:23
c558b546-e7de-4f16-9be7-b0133e6a02ca,mediaeval.yachts,available,1.8,19.98,medium,low,9,namecheap,,,24/08/2026 18:49
a0ccd32d-e134-46d7-90b3-17a95ec11168,acinar.yachts,available,1.8,19.98,medium,low,6,namecheap,,,
182bf6fc-91be-4809-9ba2-4edd95b88d40,bluster.yachts,available,1.8,19.98,medium,low,7,namecheap,,,11/08/2026 01:07
f34a872a-bbf2-407f-a684-88e5b859acb6,amnios.yachts,available,1.99,17.29,medium,low,6,namesilo,,,18/09/2026 22:26
a28c69e2-6ef9-4f52-9327-b7bf90a37786,aortic.yachts,available,1.8,19.98,high,low,6,namecheap,,,05/08/2026 21:54
4fea2ed9-5a3a-404f-a17d-c8fe2687bdc1,netflix.yachts,premium,2660,2660,high,high,7,namesilo,,,27/09/2026 05:47
0faa2ca5-3928-40bd-a94a-d694d12fae66,amiable.yachts,available,1.8,21.98,high,low,7,namecheap,,,21/09/2026 21:32
a8fee4b9-0c67-455d-94de-e8ef8df0d800,uppish.yachts,available,1.8,19.98,low,low,6,namecheap,,,09/08/2026 20:46
731851b8-a65e-4d4f-879f-62cef47bb800,cataphatic.yachts,available,1.8,19.98,medium,low,10,namecheap,,,11/08/2026 21:04
0fb64d45-815a-4cf1-a74b-6a1f377b99ff,seldom.yachts,available,1.8,21.98,high,low,6,namecheap,,,15/09/2026 22:34
9e748fc2-ba3d-43bb-806c-bbf42f5c5874,westwards.yachts,available,1.8,21.98,medium,low,9,namecheap,,,13/09/2026 11:02
5dbe8143-2116-46de-b755-9aa7f868f2ef,merrill.yachts,premium,2660,2660,high,medium,7,namesilo,,,25/09/2026 16:15
608eb7c8-3c52-4029-9e55-0d9a7c1af58f,peculiar.yachts,available,1.8,19.98,high,low,8,namecheap,,,13/08/2026 11:08
147f0678-2b3a-4fc0-83ed-b1c5be8f0879,songful.yachts,available,1.8,19.98,medium,low,7,namecheap,,,11/08/2026 17:36
73d2af7b-d23c-4fca-b754-1d5df12ed3b0,percussive.yachts,available,1.8,21.98,high,low,10,namecheap,,,08/09/2026 16:22
102adc8e-bdd7-4ea8-b1af-c45ff94a9cdc,jonas.yachts,available,1.99,20.99,high,low,5,name.com,,,25/09/2026 15:07
e2ee2c18-55a3-4b79-a8bb-3515c22c1fe1,swelling.yachts,available,1.99,17.29,high,low,8,namesilo,,,24/09/2026 11:05
ff5c2c4a-9ea7-444b-a8e4-781071953a24,ballyhoo.yachts,available,1.99,17.29,high,low,8,namesilo,,,21/09/2026 23:32
ab8b6952-8061-443f-a379-8635f6b3c338,bayou.yachts,available,1.8,21.98,high,low,5,namecheap,,,22/09/2026 18:09
6d1b019e-6bbe-4593-a9ce-3a41e911c8fa,laid.yachts,available,1.99,17.29,high,low,4,namesilo,,,25/09/2026 13:04
f560c608-332b-420e-855f-6f7b302061ae,amora.yachts,available,1.99,17.29,high,low,5,namesilo,,,18/09/2026 22:38
83d34c18-79d0-4ed3-95e8-8de9641f44b1,unready.yachts,available,1.8,21.98,medium,low,7,namecheap,,,12/09/2026 17:53
ec2e432d-eefe-4f74-b298-02d4116675aa,disk.yachts,available,1.99,15.75,high,low,4,namesilo,,,
421c9e26-d358-4526-b0c1-687acb8f223c,floccose.yachts,available,1.8,19.98,medium,low,8,namecheap,,,18/08/2026 08:36
1d4d8ba2-85d5-4962-b48e-425a86ad7a80,quicker.yachts,available,1.8,21.98,high,low,7,namecheap,,,14/09/2026 17:44
c9dbe6af-ee08-4a8b-8efa-7afe0332628a,hydroxy.yachts,available,1.8,19.98,medium,low,7,namecheap,,,21/08/2026 16:25
df438ac0-8b19-407e-bd9b-45e0ab5a5a19,apsis.yachts,available,1.99,17.29,medium,low,5,namesilo,,,19/09/2026 22:40
c510f1ce-8d14-4f4e-9a3d-5ce09827f4b1,enteral.yachts,available,1.8,19.98,medium,low,7,namecheap,,,17/08/2026 09:55
d0a0d7db-b94d-4942-ac7f-87d37745ae9d,instructor.yachts,available,1.99,25.99,high,low,10,godaddy,,,28/09/2026 02:10
9fbd2cf3-2db8-47bc-8866-0d9f1c37fd4d,trivalent.yachts,available,1.8,21.98,medium,low,9,namecheap,,,11/09/2026 20:13
9a8334ee-1cdb-47d4-9202-80f28a0c5695,xci.yachts,available,1.8,19.98,medium,low,3,namecheap,,,
5c9d436a-e35d-497a-a663-725b21ad723c,lollipop.yachts,available,1.99,17.29,high,low,8,namesilo,,,18/09/2026 08:50
7c0577b7-d43d-4155-b5fa-737b53507e62,wanna.yachts,available,1.99,17.29,high,low,5,namesilo,,,26/09/2026 00:48
dfba9c59-05ab-4e81-83b6-4320bc929128,marion.yachts,available,1.99,17.29,high,low,6,namesilo,,,25/09/2026 14:37
30ba345e-0340-454d-99cc-d578355d117d,surfbird.yachts,available,1.99,17.29,medium,low,8,namesilo,,,19/09/2026 17:13
9e594ff7-eee4-445a-a3e9-ac508369b042,spotted.yachts,available,1.8,21.98,high,low,7,namecheap,,,10/09/2026 16:39
a430e6b0-340e-4e30-a691-0694ed0961b2,observer.yachts,available,1.99,17.29,high,low,8,namesilo,,,27/09/2026 03:30
bf3ae72c-1bc5-4e30-90fd-87701d239053,secluded.yachts,available,1.99,17.29,high,low,8,namesilo,,,27/09/2026 06:24
0a015c45-0c5c-4568-923e-82b13e536044,corned.yachts,available,1.8,19.98,medium,low,6,namecheap,,,13/08/2026 01:33
201f6a99-33be-4167-94f5-7764e25c68a9,mothy.yachts,available,1.8,19.98,low,low,5,namecheap,,,25/08/2026 07:14
43e4c052-f8b6-4a87-9e29-012477b242a9,purulent.yachts,available,1.8,21.98,high,medium,8,namecheap,,,09/09/2026 06:30
3138f8f4-12e7-4ee2-8913-d05c49e48527,unmediated.yachts,available,1.8,21.98,medium,low,10,namecheap,,,12/09/2026 15:32
41f53c16-0de8-42e9-8e96-8dd867db4fd5,chelsea.yachts,available,1.99,17.29,high,low,7,namesilo,,,25/09/2026 14:48
10d28f9e-8d61-4445-b404-fb0080931fa3,toxicant.yachts,available,1.8,21.98,medium,low,8,namecheap,,,08/09/2026 22:42
9c6628ed-1f14-45d1-85b6-ee1b8c6229d8,panicky.yachts,available,1.8,21.98,medium,low,7,namecheap,,,05/09/2026 00:54
346ad266-b5bd-4be9-b23e-453a0aacd0b8,someway.yachts,available,1.8,21.98,medium,low,7,namecheap,,,15/09/2026 06:46
7fe75085-0632-4b29-8cb6-f8bb009da779,arrhenius.yachts,available,1.8,21.98,high,low,9,namecheap,,,20/09/2026 09:11
8ce5a2e7-56b7-468c-b8ea-4c7ee3eeb670,minimum.yachts,available,1.8,21.98,high,low,7,namecheap,,,25/09/2026 20:24
9b6aa265-ef48-4944-aaae-7fb853f68688,impeccable.yachts,available,1.8,19.98,high,low,10,namecheap,,,18/08/2026 00:09
2738b549-d3c9-420b-8f28-b5062e1c8745,bloodshot.yachts,available,1.8,19.98,medium,low,9,namecheap,,,10/08/2026 15:21
c6905cfb-6d8f-427a-a578-7a7b3ed75f8c,punched.yachts,available,1.99,17.29,medium,low,7,namesilo,,,19/09/2026 01:53
3d2fe19e-3114-4037-9cb2-ac32d84f2595,diplomatic.yachts,available,1.99,17.29,high,low,10,namesilo,,,24/09/2026 10:36
bf6188ca-8e6c-412d-9e2b-637ecdb68911,sunup.yachts,available,1.8,21.98,high,low,5,namecheap,,,11/09/2026 02:09
28838b30-496b-48b3-a758-c2de74c1180a,migrant.yachts,available,1.8,19.98,high,low,7,namecheap,,,24/08/2026 22:47
ab0cba9f-cf41-4d81-90d0-d1cb8ad2934d,caa.yachts,available,1.99,17.29,high,low,3,namesilo,,,28/09/2026 03:29
83de7b3c-7f85-4229-b7db-5117f6da2c00,carlo.yachts,available,1.24,13.97,medium,low,5,spaceship,,,28/09/2026 08:41
6dca26bf-7072-425c-a225-2d90782020e0,protrude.yachts,available,1.8,21.98,high,low,8,namecheap,,,08/09/2026 23:44
6b306985-7050-4816-86ef-b04d676fcffc,vicarious.yachts,available,1.8,21.98,medium,low,9,namecheap,,,13/09/2026 05:15
f2c1ddc0-0c9c-4d31-8687-52a254316c86,stopped.yachts,available,1.8,21.98,high,low,7,namecheap,,,28/09/2026 01:05
06b062c6-94ce-4604-a4b4-31acb0d13caf,scalic.yachts,available,1.8,21.98,medium,low,6,namecheap,,,09/09/2026 22:27
216cc2a9-66a1-4a72-829d-5973061d2aa9,unfretted.yachts,available,1.8,21.98,medium,low,9,namecheap,,,12/09/2026 10:45
81c9df4e-7256-498e-9396-9870bd1b1d91,facilitate.yachts,available,1.99,15.75,high,low,10,namesilo,,,
c5b2541c-8301-4fdb-8c1f-f1b88ea07cc8,albitic.yachts,available,1.8,19.98,medium,low,7,namecheap,,,
eb230acd-4bc0-4b86-a74b-707b5daa8f65,abattis.yachts,available,1.99,17.29,medium,low,7,namesilo,,,16/09/2026 14:11
53dfee62-3ac1-4b46-ae3f-6679661515ec,whorled.yachts,available,1.8,19.98,medium,low,7,namecheap,,,12/08/2026 16:18
d60ccc20-9942-4b80-9eb7-4c508b4bbe9f,visioned.yachts,available,1.99,17.29,high,low,8,namesilo,,,20/09/2026 16:28
9f5c1e77-a3b8-4112-8caf-958d9c5ad8c0,sprouted.yachts,available,1.8,21.98,medium,low,8,namecheap,,,10/09/2026 16:55
0138a5a9-3547-422b-b5fc-f39147215d56,serpentine.yachts,available,1.8,21.98,medium,low,10,namecheap,,,10/09/2026 04:45
bf56af5c-b2e7-4a30-9e8a-281aed750cb4,adventive.yachts,available,1.8,19.98,medium,low,9,namecheap,,,
32c9e5fe-9213-4972-897b-018ee6341bf8,abasic.yachts,available,1.8,19.98,medium,low,6,namecheap,,,
bfb8699a-dc73-4726-82bb-0f01f6a74b6f,gleefully.yachts,available,1.8,21.98,medium,low,9,namecheap,,,14/09/2026 21:28
caa95f78-481f-41b9-a7f9-9e0d06a013a0,newest.yachts,available,1.99,17.29,high,low,6,namesilo,,,18/09/2026 15:57
1e85fcd9-f732-48e6-9c1a-a3becd962512,chairmen.yachts,available,1.99,17.29,medium,low,8,namesilo,,,18/09/2026 22:56
5fe016a1-49ff-4a55-9ae1-13b4b5a3c3e3,ossified.yachts,available,1.8,19.98,medium,low,8,namecheap,,,18/08/2026 13:15
78224f8d-751b-435c-804b-0847cfa75ed0,stacks.yachts,available,1.8,21.98,high,medium,6,namecheap,,,14/09/2026 23:24
6109fd9c-2dde-4694-9747-020872f971f6,populate.yachts,available,1.8,19.98,high,low,8,namecheap,,,24/08/2026 07:48
5c07cf2e-bc9a-42b8-85bc-65f6f9e0037e,southmost.yachts,available,1.8,21.98,high,medium,9,namecheap,,,10/09/2026 14:55
03fe503d-1285-4cfd-818b-651afba8d43a,unchained.yachts,available,1.8,21.98,high,low,9,namecheap,,,12/09/2026 04:54
b15d814a-0bb0-4a22-aa30-ab7c32655a69,sarcoid.yachts,available,1.8,21.98,high,medium,7,namecheap,,,09/09/2026 21:28
134c74ed-3e77-4e0c-af6d-4a914d535c4d,toffee.yachts,available,1.8,19.98,high,low,6,namecheap,,,11/08/2026 04:53
7e55f5ed-2790-4fad-94c7-a21572491f9d,tractable.yachts,available,1.8,19.98,medium,low,9,namecheap,,,24/08/2026 15:10
b950bc9b-8c00-4fdf-a96f-791264e347f5,bitterroot.yachts,available,1.99,17.29,medium,low,10,namesilo,,,23/09/2026 23:08
1a4186da-87e1-476a-9739-af7418d884c9,lewd.yachts,available,1.8,19.98,high,low,4,namecheap,,,22/08/2026 20:07
21731990-42a9-4a93-9c5a-eb47f3e01e00,aeolus.yachts,available,1.99,17.29,medium,low,6,namesilo,,,17/09/2026 12:36
751c6e65-4fa9-4b50-bd35-b8537005d4fb,decade.yachts,available,1.8,21.98,high,low,6,namecheap,,,21/09/2026 10:56
f78fcd08-e8fa-4d0d-bc3e-ca356ace4191,organization.yachts,available,1.8,21.98,high,low,12,namecheap,,,28/09/2026 03:32
ac7b7fbd-0a2e-445b-82d6-5b915f98d3d2,undeniably.yachts,available,1.99,17.29,medium,low,10,namesilo,,,16/09/2026 09:52
e1e52802-16c2-4f0b-b8ad-85ad7161edbc,emergent.yachts,available,1.8,19.98,high,low,8,namecheap,,,16/08/2026 14:17
4a05c896-6040-4605-a6f8-e91cf886c9a2,incurably.yachts,available,1.8,21.98,medium,low,9,namecheap,,,15/09/2026 07:45
4c25ff9e-65e5-458f-b45f-abb78c604046,confession.yachts,available,1.99,15.75,high,low,10,namesilo,,,
60e2e8dc-bbfb-4ac0-af39-e90a8683eb10,success.yachts,resell,,,high,low,7,"Spaceship, Inc.",13/07/2026 17:57,13/07/2027 23:59,26/09/2026 09:23
277ad7df-7a7a-48a3-8a0d-18dbc8fd8f8b,journalism.yachts,available,1.99,,high,low,10,name.com,,,
af3389fc-3813-4e0b-bf29-c7e6c7ef2799,unq.yachts,available,1.99,17.29,medium,low,3,namesilo,,,20/09/2026 22:06
a461360b-9cd1-49a8-b22f-e07e6698601f,moistly.yachts,available,1.8,21.98,low,low,7,namecheap,,,14/09/2026 10:31
d3275bb3-59a3-47a7-b6a4-165543b71624,impossible.yachts,available,1.99,17.29,high,medium,10,namesilo,,,25/09/2026 07:55
95d9610b-db11-4a26-9ce2-0c48deb96a28,interred.yachts,available,1.8,19.98,medium,low,8,namecheap,,,11/08/2026 10:36
592a8760-9a46-45bb-90ae-eac05cc9c459,assaulter.yachts,available,1.8,21.98,medium,low,9,namecheap,,,17/09/2026 17:42
508c3e9a-313f-4b52-a2bb-83e267aa7a07,dusky.yachts,available,1.8,19.98,high,low,5,namecheap,,,14/08/2026 21:32
425946e6-c058-439e-a701-a8c1d43aa20c,deciding.yachts,available,1.8,19.98,high,low,8,namecheap,,,13/08/2026 21:23
1a004407-e45f-4446-8d46-a2184b831786,fatigued.yachts,available,1.8,19.98,medium,low,8,namecheap,,,14/08/2026 14:49
e958f947-0dbe-49fc-a721-97e2efe233a7,salable.yachts,available,1.8,21.98,high,medium,7,namecheap,,,09/09/2026 20:50
7a0a83d0-6fd1-4462-afd8-5b29a6c1928b,kept.yachts,available,1.99,17.29,high,low,4,namesilo,,,25/09/2026 12:27
916926bd-6615-49de-9429-ae30e1e35355,prostyle.yachts,available,1.8,21.98,medium,low,8,namecheap,,,09/09/2026 04:01
169ea078-1478-42f6-bd53-b765ccc902e7,albite.yachts,available,1.99,17.29,high,low,6,namesilo,,,18/09/2026 02:59
3c383d57-623c-4ce6-a53d-801e83129899,pellmell.yachts,available,1.8,19.98,medium,low,9,namecheap,,,21/08/2026 01:07
aa636e69-1ff8-4bb8-b5b2-ab741f5f39fc,waxy.yachts,available,1.8,19.98,medium,low,4,namecheap,,,09/08/2026 14:13
af0d7a8d-a87e-484e-a713-cc1c0b694d02,teetotal.yachts,available,1.8,21.98,medium,low,8,namecheap,,,11/09/2026 10:14
0568ec5b-9cde-4550-b5da-a872549f997d,aspirator.yachts,available,1.99,17.29,medium,low,9,namesilo,,,20/09/2026 15:23
9b60b633-dba0-438a-ba03-9ec6d9ddbb9b,roundish.yachts,available,1.8,21.98,high,medium,8,namecheap,,,09/09/2026 19:04
3fd93da0-9c5e-4455-9042-3d5a9edc2e63,ductless.yachts,available,1.8,19.98,medium,low,8,namecheap,,,14/08/2026 20:54
4de3bcf3-37cd-40ec-9e4d-d4ad8eeba3aa,jane.yachts,premium,812.5,812.5,high,low,4,name.com,,,25/09/2026 11:44
7418d6db-b6a9-4f5c-bed5-1ce5134441fd,rapid.yachts,available,1.99,17.29,high,low,5,namesilo,,,19/09/2026 15:13
230025e4-c9e7-4f76-bc6d-0fe100d090b7,unneeded.yachts,available,1.8,21.98,medium,low,8,namecheap,,,12/09/2026 15:52
4193cdba-ffca-4424-a546-6b5cc41ec5d2,wulfila.yachts,available,1.8,21.98,medium,low,7,namecheap,,,23/09/2026 21:57
566fe3f7-c202-472c-a78d-5e4bfe297072,vhs.yachts,available,1.99,17.29,high,low,3,namesilo,,,16/09/2026 06:26
a4746cdd-6297-4847-bf52-3feee2247923,nookie.yachts,available,1.8,19.98,medium,low,6,namecheap,,,18/08/2026 17:31
34cb6584-da1e-499a-9e5d-5dfbdf230c14,polysemous.yachts,available,1.8,21.98,medium,low,10,namecheap,,,08/09/2026 23:31
37a0bb43-4d01-4b23-a746-1866779dc85a,looted.yachts,available,1.8,19.98,medium,low,6,namecheap,,,24/08/2026 09:45
44879ef5-0651-4667-a107-ce5b52c5f111,appaloosa.yachts,available,1.8,21.98,medium,low,9,namecheap,,,19/09/2026 19:45
32af242f-c7aa-4ce3-a9c4-44b98f52cd86,tokyo.yachts,premium,2660,2660,high,low,5,namesilo,,,24/09/2026 12:18
8004cfde-6ee6-47e0-a2bf-8511a46e3ac6,praetorial.yachts,available,1.8,21.98,high,medium,10,namecheap,,,09/09/2026 00:59
9953e6d0-65eb-4870-9112-1215cfdb6d64,bloodstream.yachts,available,1.99,15.75,high,low,11,namesilo,,,
7b0b4949-189e-43cd-9a88-58a7536bfcc2,gene.yachts,available,1.99,15.75,high,low,4,namesilo,,,
e196f525-e736-47a1-b2e4-f4933da0581f,abolition.yachts,available,1.99,17.29,high,low,9,namesilo,,,16/09/2026 16:28
362f0252-e3ba-4c83-9ca8-125cdf7fd876,iron.yachts,available,1.99,17.29,high,low,4,namesilo,,,23/09/2026 13:11
404fb63e-b5bc-422b-8b07-75b79b89ef06,joint.yachts,premium,2660,2660,high,low,5,namesilo,,,22/09/2026 08:50
ab85695c-3549-43f7-8a50-7f975741d015,geodesic.yachts,available,1.8,19.98,high,low,8,namecheap,,,18/08/2026 22:23
0c6c1412-dc26-40e0-b330-581cf8fafa7c,arca.yachts,available,1.99,17.29,high,low,4,namesilo,,,20/09/2026 01:31
8d8ba5bc-fe48-46b0-b324-da6967d95141,bargee.yachts,available,1.99,17.29,medium,low,6,namesilo,,,22/09/2026 05:47
f9d7e6f3-3d98-4c6e-bd4e-13010a6f9946,zag.yachts,available,1.8,21.98,high,low,3,namecheap,,,13/09/2026 15:17
cd1feaa1-2dca-4b2e-8a39-0464e778eb87,hittite.yachts,available,1.8,19.98,medium,low,7,namecheap,,,21/08/2026 10:00
441ffb32-04a1-48b0-addf-f9cadaede08c,officials.yachts,available,1.8,21.98,medium,low,9,namecheap,,,17/09/2026 12:28
faae7ca6-7580-406a-b5e3-6f86666ce139,barclay.yachts,available,1.99,17.29,high,low,7,namesilo,,,27/09/2026 03:05
5564c30c-7168-45c4-806b-83ed069f9ede,brumal.yachts,available,1.8,19.98,medium,low,6,namecheap,,,11/08/2026 06:36
c44942d7-b5b5-48bd-92e2-156fb880efcd,ammoniac.yachts,available,1.8,19.98,medium,low,8,namecheap,,,
656d6c29-dc5e-4d1a-b505-a089ff6899e3,bandwidth.yachts,available,1.99,17.29,high,high,9,namesilo,,,22/09/2026 01:36
9c9f52f6-c967-4005-9347-a9dd8636b72f,collecting.yachts,available,1.99,17.29,high,low,10,namesilo,,,20/09/2026 16:02
2d770b0e-41c2-4918-a07b-5eb3623dd947,agnostic.yachts,available,1.99,17.29,high,low,8,namesilo,,,21/09/2026 23:11
da0d5c44-2340-4ffa-ae44-4348e690e2db,christ.yachts,premium,2500,,high,low,6,name.com,,,
d67b3e08-d8bc-4d8c-b2c1-d5b424d30244,cernuous.yachts,available,1.8,19.98,medium,low,8,namecheap,,,12/08/2026 00:44
29b3eb71-dfd5-4c1e-9f21-e60b998b93b5,populated.yachts,available,1.8,21.98,high,low,9,namecheap,,,08/09/2026 23:55
e169607c-d9af-4b17-917e-24e12a2728d9,prying.yachts,available,1.8,21.98,medium,low,6,namecheap,,,03/09/2026 21:52
d043d994-6784-4a8f-a06f-f7424ca67e7b,infrequent.yachts,available,1.8,19.98,medium,low,10,namecheap,,,22/08/2026 04:50
4d76f676-8745-4d4c-99d6-a86482e2dc99,musical.yachts,available,1.8,21.98,high,low,7,namecheap,,,25/09/2026 19:12
28b8e646-1ee6-452e-9c0a-30e44f2da5f8,tourist.yachts,available,1.99,,high,low,7,name.com,,,
81b145b0-5dcf-4d30-ad66-8c4f5e79da6b,amount.yachts,available,1.99,17.29,high,low,6,namesilo,,,25/09/2026 05:06
09e863d1-4727-4800-8119-5bc8b3ada4a5,rideshare.yachts,available,1.99,,high,low,9,name.com,,,
38b61872-58e1-44e3-b4da-ad6284e1b654,cancel.yachts,premium,1.99,15.75,medium,low,6,namesilo,,,
6a85d7b1-6b26-4767-8a95-630224e30b7a,length.yachts,available,1.99,,high,low,6,name.com,,,
a6038857-bc76-4819-8285-70ebe53bc648,droll.yachts,available,1.8,19.98,medium,low,5,namecheap,,,14/08/2026 19:39
b971ff4a-050e-495e-ab50-e620bca41329,recap.yachts,available,1.99,,high,low,5,name.com,,,
520e6a81-b5fd-40dc-865e-f834d33fe0e3,adopted.yachts,available,1.8,19.98,high,low,7,namecheap,,,
08afaf93-008a-4048-bf6d-1d68958cf0c8,actuarial.yachts,available,1.8,19.98,medium,low,9,namecheap,,,
0ec25c7e-b690-48ec-a0fc-b8c76ebad967,todd.yachts,premium,832,832,high,low,4,namesilo,,,25/09/2026 09:07
3a2ba6b8-07ab-4ba1-a8da-3b1678d6a414,insular.yachts,available,1.8,19.98,medium,low,7,namecheap,,,22/08/2026 07:38
c47965b0-5fa7-421c-95cc-68b940039e2d,pupal.yachts,available,1.8,21.98,high,medium,5,namecheap,,,09/09/2026 06:07
39b43305-302a-4f46-b9c8-66a3205e707c,guerrilla.yachts,available,1.8,19.98,high,low,9,namecheap,,,22/08/2026 10:14
1fab97b3-774a-40b5-a25d-a66a0eaca288,caught.yachts,available,1.99,15.75,high,low,6,namesilo,,,
bddb90f9-0b00-4f0c-b31d-388545492784,amity.yachts,available,1.99,17.29,high,low,5,namesilo,,,18/09/2026 21:57
a79b23de-8ca1-4168-b750-04ba9317ade5,nostril.yachts,available,1.99,17.29,high,low,7,namesilo,,,19/09/2026 12:54
f2eabd30-e1ad-4044-9063-1968636217a3,channel.yachts,premium,812.5,,high,low,7,name.com,,,
ff32adb8-63b6-495e-86a2-835232e72963,recipient.yachts,available,1.99,,high,low,9,name.com,,,
c44d3968-0c07-4c04-bf68-e1bc5eaf7182,projectile.yachts,available,1.8,21.98,high,low,10,namecheap,,,09/09/2026 02:59
02145c5f-4d04-4aa9-b14e-9315a46f8d4f,yelling.yachts,available,1.99,17.29,high,low,7,namesilo,,,28/09/2026 06:53
202f714e-3978-4f43-8071-082aa98ac2d7,happiest.yachts,available,1.99,17.29,medium,low,8,namesilo,,,18/09/2026 04:16
a0aac584-1d3e-4348-a126-99419d1b3482,cowpea.yachts,available,1.99,17.29,medium,low,6,namesilo,,,23/09/2026 23:43
a5313f44-0c6e-4a24-8a39-ab3cb230aabb,reciprocal.yachts,available,1.8,21.98,high,low,10,namecheap,,,09/09/2026 11:29
c5bf1dd3-dd4e-4bc5-94ab-b9e8b7d301fe,dinkey.yachts,available,1.8,19.98,medium,low,6,namecheap,,,14/08/2026 08:16
80167e88-28a1-451a-99df-59330cc9cb72,attester.yachts,available,1.99,17.29,medium,low,8,namesilo,,,21/09/2026 01:41
bcff2041-e44f-4673-97df-8d89da26a669,undreamed.yachts,available,1.8,21.98,medium,low,9,namecheap,,,12/09/2026 08:22
383c298a-0af0-469f-a784-1e48b5beb45e,controls.yachts,available,1.24,13.97,medium,low,8,spaceship,,,27/09/2026 23:26
1995150a-3c56-403f-8bf6-b3f1c11e9e69,soused.yachts,available,1.8,19.98,low,low,6,namecheap,,,09/08/2026 16:07
d17444aa-360f-46d3-b564-c4f0a1e9b6ef,shelters.yachts,available,1.99,17.29,high,low,8,namesilo,,,20/09/2026 23:17
3798dc58-003e-4985-ae07-ab620465118f,serb.yachts,available,1.8,21.98,high,low,4,namecheap,,,10/09/2026 04:35
e0ca0582-d1ae-4c3a-840f-243f4627591c,carambola.yachts,available,1.99,17.29,medium,low,9,namesilo,,,21/09/2026 09:14
ffd3b076-074d-48a5-be36-23eaf74c6399,encyclical.yachts,available,1.8,19.98,medium,low,10,namecheap,,,17/08/2026 00:42
547264e2-57ca-4818-bafc-73ab1a341a61,bruno.yachts,available,1.99,17.29,high,low,5,namesilo,,,25/09/2026 03:34
e82b0b87-7344-475a-9de3-ae552aaff8b3,floss.yachts,available,1.99,17.29,high,low,5,namesilo,,,24/09/2026 21:54
f48dec92-117e-40ae-b6b3-f59358de7745,jejune.yachts,available,1.8,19.98,medium,low,6,namecheap,,,22/08/2026 12:45
f09348fc-8210-45b4-a926-12a424328514,dew.yachts,available,1.99,15.75,high,low,3,namesilo,,,
6c1606c1-7cc5-45c9-ac93-cf9fd2d8e741,invalidate.yachts,available,1.8,21.98,high,low,10,namecheap,,,13/09/2026 06:37
4fc03b41-d1ea-45ad-bfb9-df02adac087c,danielle.yachts,available,1.99,17.29,medium,low,8,namesilo,,,28/09/2026 08:28
b1687330-b495-42fa-a3ce-29251c9cbecc,unwell.yachts,available,1.8,19.98,medium,low,6,namecheap,,,
1d1b3ad6-203c-40f7-9719-dc0098c3c000,timeline.yachts,available,1.99,17.29,high,low,8,namesilo,,,27/09/2026 05:39
ff6e2c75-a494-465b-9931-be6aa5b5aabd,aerie.yachts,available,1.8,19.98,high,medium,5,namecheap,,,
7cb7f4c8-d42c-4404-b448-b5f31a93dc21,completely.yachts,available,1.8,21.98,high,low,10,namecheap,,,22/09/2026 00:16
fec5f19d-dc37-4699-8c5d-729faea4d233,mugwump.yachts,available,1.8,19.98,medium,low,7,namecheap,,,22/08/2026 02:43
0c52ca70-d80d-4a62-b5e7-c650ad0f02c4,yuri.yachts,available,1.99,17.29,high,low,4,namesilo,,,28/09/2026 07:44
6a84ffeb-4c9e-46f9-905e-fb3e57dafaf9,rudiment.yachts,available,1.99,17.29,medium,low,8,namesilo,,,16/09/2026 14:36
6b9b7e7c-00aa-4736-8e18-f5d7e97c27bf,superuser.yachts,available,1.99,,high,low,9,name.com,,,
74f440ba-d686-47cc-a0fe-381784f7042f,unranked.yachts,available,1.8,21.98,medium,low,8,namecheap,,,12/09/2026 17:44
ba235ca8-bdf5-453d-ab1e-0426b8af33a2,bahreini.yachts,available,1.8,19.98,medium,low,8,namecheap,,,08/08/2026 08:41
bebdb4cd-c6b5-45f1-8349-8c97dfe29805,ruminant.yachts,available,1.8,21.98,high,medium,8,namecheap,,,09/09/2026 19:22
c5501421-12cb-475e-8fb6-7dfc5366b687,acrylate.yachts,available,1.99,17.29,medium,low,8,namesilo,,,17/09/2026 04:05
866ce82e-d1bb-4f1d-85da-9ceee8218011,frenetic.yachts,available,1.8,19.98,medium,low,8,namecheap,,,18/08/2026 14:17
81aac083-e6a6-4adb-983e-30e5fbef9b34,elfish.yachts,available,1.8,19.98,medium,low,6,namecheap,,,16/08/2026 03:41
9e9275e8-879d-465f-8cd4-4217dfbea6c8,blench.yachts,available,1.8,21.98,medium,low,6,namecheap,,,04/09/2026 23:29
5044fb21-8fa3-49bb-954d-77d133e15950,lawfully.yachts,available,1.99,20.99,medium,low,8,name.com,,,13/08/2026 19:09
2835c4a7-2cb8-4901-a489-837ee8cd24bb,coherently.yachts,available,1.99,15.75,medium,low,10,namesilo,,,
a266b3c5-52e8-4ee6-99ca-5348df3d86f3,incorrect.yachts,available,1.99,17.29,high,low,9,namesilo,,,25/09/2026 08:08
cf590049-5d37-41d9-93ec-7d293175f08f,converted.yachts,available,1.99,17.29,high,low,9,namesilo,,,23/09/2026 00:43
b58ed94f-d9f5-4091-92c8-43e516ffbfc7,champ.yachts,available,1.8,19.98,high,low,5,namecheap,,,12/08/2026 01:35
e7f2da50-ece7-48ac-81bc-e81c840ddd25,tight.yachts,available,1.8,19.98,medium,low,5,namecheap,,,09/08/2026 17:09
cd794862-bc5d-4a25-9fa9-5f98258a8a83,gipsy.yachts,available,1.8,19.98,high,low,5,namecheap,,,10/08/2026 17:23
ece3307d-5f19-4349-832f-dc3b8af4fc70,nazis.yachts,available,1.99,17.29,low,low,5,namesilo,,,28/09/2026 09:00
860736c2-90cd-4133-b318-ad2188181f27,webby.yachts,available,1.8,21.98,medium,low,5,namecheap,,,03/09/2026 16:08
9ff95526-a1a7-4caf-b82c-89448f75d888,teammate.yachts,available,1.99,,high,low,8,name.com,,,
e72bd907-563b-4cb3-b8e4-fcf08d62cc3a,huntington.yachts,available,1.99,17.29,high,low,10,namesilo,,,25/09/2026 04:18
f56f703e-9e11-42e8-9dc1-e71157e2ccdb,birds.yachts,available,1.99,15.75,high,low,5,namesilo,,,
7dd56d76-89d1-4bbe-bb47-2ec76467ebc5,unary.yachts,available,1.8,21.98,medium,low,5,namecheap,,,12/09/2026 01:06
e2d9de18-2c5b-4a6c-b99c-ea5721092476,soissons.yachts,available,1.99,20.99,medium,low,8,name.com,,,22/09/2026 15:58
06d1a0d8-d447-4279-9972-19fcea582584,uncolored.yachts,available,1.8,21.98,medium,low,9,namecheap,,,12/09/2026 02:06